year,month,day,hour,minute,open,close,low,high,volume
2018,2,9,9,30,133.9000,133.9000,133.9000,133.9000,185419
2018,2,9,9,31,133.8300,133.7500,133.7500,133.8600,6941
2018,2,9,9,32,133.7500,134.1000,133.7500,134.1000,6383
2018,2,9,9,33,134.0800,134.2000,134.0300,134.2000,3259
2018,2,9,9,34,134.1200,133.8000,133.8000,134.1200,2000
2018,2,9,9,35,133.9400,133.8400,133.8400,133.9400,3684
2018,2,9,9,36,133.7600,133.7600,133.7500,133.8200,2705
2018,2,9,9,37,133.7500,133.6700,133.6700,133.7700,1887
2018,2,9,9,38,133.7100,133.6000,133.6000,133.7100,409
2018,2,9,9,39,133.5500,133.6000,133.5200,133.6000,1363
2018,2,9,9,40,133.6700,133.4100,133.4100,133.6700,4967
2018,2,9,9,41,133.3000,133.2600,133.1610,133.3000,1640
2018,2,9,9,42,133.1800,133.4700,133.1800,133.4700,1300
2018,2,9,9,43,133.5400,133.5600,133.5400,133.5600,300
2018,2,9,9,44,133.6200,133.5200,133.5100,133.6200,7978
2018,2,9,9,45,133.7600,133.7600,133.6500,133.7600,1400
2018,2,9,9,46,133.7900,133.6100,133.6100,133.7900,900
2018,2,9,9,47,133.5900,133.8400,133.5900,133.8500,8828
2018,2,9,9,48,133.9600,134.0900,133.9400,134.1100,8159
2018,2,9,9,49,134.2000,133.9100,133.9000,134.2000,3586
2018,2,9,9,50,133.8600,133.7500,133.7500,133.8600,1400
2018,2,9,9,51,133.9000,133.7000,133.7000,133.9000,6900
2018,2,9,9,52,133.7800,133.6500,133.6500,133.7800,982
2018,2,9,9,53,133.8100,133.8200,133.8100,133.9000,600
2018,2,9,9,54,133.9300,133.9200,133.8900,134.0000,1051
2018,2,9,9,55,133.9200,134.0400,133.9200,134.0400,200
2018,2,9,9,56,134.1000,134.0100,133.9900,134.1000,400
2018,2,9,9,57,134.0000,134.2700,134.0000,134.2700,3155
2018,2,9,9,58,134.2400,134.0000,134.0000,134.2600,4232
2018,2,9,9,59,133.9400,133.9200,133.9200,133.9400,600
2018,2,9,10,0,133.9500,133.8700,133.8500,134.0800,7582
2018,2,9,10,1,133.9100,133.9100,133.8200,133.9600,2603
2018,2,9,10,2,133.9890,134.0000,133.9600,134.0100,1957
2018,2,9,10,3,133.9400,133.9200,133.9200,134.0400,2094
2018,2,9,10,4,133.9000,133.8300,133.7700,133.9000,1601
2018,2,9,10,5,133.7500,133.6900,133.6400,133.7500,2073
2018,2,9,10,6,133.6800,133.6100,133.6100,133.7000,600
2018,2,9,10,7,133.6100,133.4800,133.4800,133.7200,2300
2018,2,9,10,8,133.4100,133.5100,133.4000,133.5100,1200
2018,2,9,10,9,133.5600,133.4800,133.3100,133.5800,4101
2018,2,9,10,10,133.5300,133.5700,133.4700,133.6000,3384
2018,2,9,10,11,133.6200,133.6200,133.5500,133.6400,1900
2018,2,9,10,12,133.5000,133.4500,133.4500,133.5100,1000
2018,2,9,10,13,133.4900,133.4800,133.4500,133.6100,2200
2018,2,9,10,14,133.5400,133.4800,133.4300,133.5500,5600
2018,2,9,10,15,133.5300,133.4100,133.4100,133.5300,200
2018,2,9,10,16,133.4000,133.2500,133.2500,133.4000,4653
2018,2,9,10,17,133.3600,133.5000,133.3600,133.5800,1600
2018,2,9,10,18,133.4800,133.4300,133.4300,133.5800,3700
2018,2,9,10,19,133.4990,133.5300,133.4000,133.5300,7373
2018,2,9,10,20,133.5900,133.5900,133.5900,133.5900,100
2018,2,9,10,21,133.6000,133.4500,133.4500,133.6000,600
2018,2,9,10,22,133.5200,133.5100,133.5100,133.5600,457
2018,2,9,10,23,133.5300,133.5200,133.4600,133.5500,3514
2018,2,9,10,24,133.5100,133.5400,133.4800,133.5400,6000
2018,2,9,10,25,133.4500,133.4500,133.3600,133.4500,600
2018,2,9,10,26,133.4500,133.5700,133.4500,133.6200,5300
2018,2,9,10,27,133.5000,133.7000,133.5000,133.7400,11584
2018,2,9,10,28,133.7400,133.5900,133.5900,133.7400,2700
2018,2,9,10,29,133.5800,133.5800,133.5800,133.5800,284
2018,2,9,10,30,133.5000,133.4100,133.4100,133.5000,450
2018,2,9,10,31,133.4000,133.3800,133.2800,133.4000,6050
2018,2,9,10,32,133.3500,133.4900,133.3500,133.4900,1721
2018,2,9,10,33,133.5600,133.3700,133.3700,133.5600,933
2018,2,9,10,34,133.4000,133.4500,133.3800,133.5300,2036
2018,2,9,10,35,133.5400,133.4200,133.4200,133.5400,400
2018,2,9,10,36,133.3700,133.3700,133.3700,133.3700,100
2018,2,9,10,37,133.3000,133.2800,133.2800,133.3000,900
2018,2,9,10,38,133.3600,133.4000,133.3590,133.4000,600
2018,2,9,10,39,133.2000,133.1400,133.1400,133.2000,300
2018,2,9,10,40,133.1100,132.9410,132.9410,133.1200,5023
2018,2,9,10,41,132.9410,132.7900,132.7200,132.9600,4918
2018,2,9,10,42,132.7000,132.7300,132.6000,132.7300,5698
2018,2,9,10,43,132.7700,132.6500,132.6500,132.8100,3400
2018,2,9,10,44,132.7800,132.7010,132.7000,132.7900,7550
2018,2,9,10,45,132.6800,132.5000,132.4900,132.6800,2350
2018,2,9,10,46,132.5700,132.3800,132.3800,132.5700,13094
2018,2,9,10,47,132.4800,132.2100,132.2100,132.4900,8004
2018,2,9,10,48,132.1800,132.0800,132.0000,132.1810,36336
2018,2,9,10,49,132.0100,131.7000,131.6800,132.0200,25781
2018,2,9,10,50,131.7000,131.9500,131.7000,131.9700,5359
2018,2,9,10,51,131.9800,132.0900,131.8400,132.0900,1300
2018,2,9,10,52,132.1600,132.3100,132.1600,132.3100,1816
2018,2,9,10,53,132.3400,132.4700,132.2900,132.4700,4190
2018,2,9,10,54,132.4100,132.5100,132.4100,132.5300,809
2018,2,9,10,55,132.5800,132.8700,132.5700,132.9000,5305
2018,2,9,10,56,132.9000,132.7200,132.7000,132.9900,15178
2018,2,9,10,57,132.7700,132.9600,132.7600,132.9600,1800
2018,2,9,10,58,132.9400,132.7000,132.6800,132.9400,6000
2018,2,9,10,59,132.7200,132.7200,132.6600,132.7900,17756
2018,2,9,11,0,132.7100,132.6400,132.5300,132.7100,1600
2018,2,9,11,1,132.6500,132.6500,132.6500,132.7400,15847
2018,2,9,11,2,132.7300,132.8100,132.7300,132.8500,1000
2018,2,9,11,3,132.8500,132.8300,132.8300,132.8500,300
2018,2,9,11,4,132.8500,133.0900,132.8500,133.0900,4091
2018,2,9,11,5,133.1800,133.0700,133.0700,133.2000,8396
2018,2,9,11,6,133.1400,132.9800,132.8900,133.2000,14200
2018,2,9,11,7,132.8900,132.9500,132.8400,132.9500,4043
2018,2,9,11,8,132.9200,132.9400,132.9200,132.9600,1643
2018,2,9,11,9,132.9300,132.8700,132.8700,132.9300,400
2018,2,9,11,10,132.8400,132.7000,132.7000,132.8500,2261
2018,2,9,11,11,132.7400,132.9000,132.7400,132.9000,1800
2018,2,9,11,12,132.8200,132.6800,132.6700,132.8200,800
2018,2,9,11,13,132.7400,132.8600,132.7400,132.8600,800
2018,2,9,11,14,132.9300,132.7900,132.7900,132.9300,500
2018,2,9,11,15,132.8600,132.8800,132.8600,132.8800,200
2018,2,9,11,16,132.7700,132.5700,132.5500,132.7700,3485
2018,2,9,11,17,132.5800,132.4500,132.4500,132.5800,2300
2018,2,9,11,18,132.3800,132.3700,132.2400,132.4400,2339
2018,2,9,11,19,132.3000,132.2800,132.2800,132.3000,700
2018,2,9,11,20,132.2600,132.5600,132.2600,132.5600,1200
2018,2,9,11,21,132.4600,132.5500,132.4500,132.5800,1509
2018,2,9,11,22,132.6500,132.6500,132.5600,132.6500,400
2018,2,9,11,23,132.6900,132.5300,132.5300,132.7000,700
2018,2,9,11,24,132.5400,132.4800,132.4800,132.5900,884
2018,2,9,11,25,132.4300,132.4200,132.4100,132.4300,500
2018,2,9,11,26,132.3000,132.2300,132.2300,132.3800,1300
2018,2,9,11,27,132.2200,132.3000,132.2200,132.3000,200
2018,2,9,11,28,132.3300,132.4000,132.2800,132.4000,74293
2018,2,9,11,29,132.4100,132.4100,132.3800,132.4500,2228
2018,2,9,11,30,132.3700,132.3100,132.3100,132.3700,800
2018,2,9,11,31,132.3500,132.4400,132.3500,132.5100,3411
2018,2,9,11,32,132.3400,132.4500,132.3400,132.4790,3258
2018,2,9,11,33,132.3500,132.4100,132.3500,132.4500,2879
2018,2,9,11,34,132.4700,132.6600,132.4700,132.6600,900
2018,2,9,11,35,132.6500,132.5600,132.5600,132.6500,1619
2018,2,9,11,36,132.5400,132.5400,132.5400,132.5400,100
2018,2,9,11,37,132.6100,132.7700,132.6100,132.7700,1750
2018,2,9,11,38,132.7500,132.7200,132.7200,132.7500,500
2018,2,9,11,40,132.6500,132.6300,132.6300,132.6800,300
2018,2,9,11,41,132.6100,132.6100,132.5300,132.6100,3400
2018,2,9,11,42,132.5200,132.5100,132.5100,132.5400,1147
2018,2,9,11,43,132.5800,132.4600,132.4600,132.5800,800
2018,2,9,11,44,132.5300,132.4990,132.4990,132.5300,326
2018,2,9,11,45,132.4700,132.5100,132.4700,132.5100,500
2018,2,9,11,46,132.4300,132.4500,132.3700,132.4900,1100
2018,2,9,11,47,132.4500,132.3800,132.3800,132.4500,600
2018,2,9,11,48,132.4200,132.4200,132.4200,132.4200,100
2018,2,9,11,50,132.3100,132.1000,132.1000,132.3100,4415
2018,2,9,11,51,132.1400,132.1390,132.1390,132.2100,7510
2018,2,9,11,52,132.0500,132.1110,132.0500,132.1200,800
2018,2,9,11,54,132.0300,132.0600,132.0300,132.0600,200
2018,2,9,11,55,132.0600,132.0700,132.0000,132.0700,1529
2018,2,9,11,56,132.1300,132.0300,132.0300,132.1400,700
2018,2,9,11,57,132.0000,131.9500,131.9500,132.0000,392
2018,2,9,11,58,131.9600,132.0900,131.9600,132.1400,1100
2018,2,9,11,59,132.0200,131.9500,131.9500,132.0300,700
2018,2,9,12,0,131.8400,131.7700,131.7500,131.8400,6410
2018,2,9,12,1,131.7800,131.6500,131.6500,131.7800,1479
2018,2,9,12,2,131.6800,131.7700,131.6800,131.7700,1400
2018,2,9,12,3,131.7700,131.7300,131.7200,131.8900,2200
2018,2,9,12,4,131.7400,131.7400,131.7400,131.7400,200
2018,2,9,12,5,131.7100,131.6300,131.6300,131.7100,6594
2018,2,9,12,6,131.6500,131.4800,131.4800,131.7400,4801
2018,2,9,12,7,131.4800,131.2600,131.2600,131.4900,13043
2018,2,9,12,8,131.2800,131.2000,131.2000,131.4300,5024
2018,2,9,12,9,131.2400,131.1100,131.0300,131.2400,4246
2018,2,9,12,10,131.1300,130.9700,130.9700,131.1300,13129
2018,2,9,12,11,130.8800,131.3100,130.8710,131.3300,4911
2018,2,9,12,12,131.3300,131.2200,131.2200,131.3300,1200
2018,2,9,12,13,131.1600,131.1200,131.1200,131.2700,7988
2018,2,9,12,14,131.1000,131.0400,130.9600,131.1000,1900
2018,2,9,12,15,131.0000,130.8800,130.8100,131.0000,1465
2018,2,9,12,16,130.9200,130.8800,130.8800,131.1200,2700
2018,2,9,12,17,130.8500,130.9900,130.8400,131.0900,2000
2018,2,9,12,18,131.0410,131.2000,131.0400,131.2000,7021
2018,2,9,12,19,131.1400,131.0000,131.0000,131.1400,800
2018,2,9,12,20,131.0600,131.0300,131.0200,131.1700,4700
2018,2,9,12,21,130.9900,131.3000,130.9900,131.3000,2900
2018,2,9,12,22,131.3000,131.2400,131.2100,131.3000,1384
2018,2,9,12,23,131.4700,131.5100,131.4700,131.5700,3129
2018,2,9,12,24,131.4300,131.3600,131.3000,131.4400,1968
2018,2,9,12,25,131.3300,131.2400,131.2000,131.3300,3400
2018,2,9,12,26,131.2110,131.0800,131.0800,131.2300,1600
2018,2,9,12,27,131.0600,130.9300,130.8900,131.0600,1690
2018,2,9,12,28,130.8900,130.8190,130.8190,130.8900,3181
2018,2,9,12,29,130.8010,130.8190,130.7500,130.9700,2265
2018,2,9,12,30,130.8400,130.7900,130.7900,131.0300,1300
2018,2,9,12,31,130.8300,130.9800,130.8300,130.9800,800
2018,2,9,12,32,131.0000,131.0300,130.9100,131.0300,700
2018,2,9,12,33,130.9090,130.8900,130.8400,130.9090,900
2018,2,9,12,34,130.8400,130.9800,130.8400,131.0100,1700
2018,2,9,12,35,131.0300,130.8900,130.8800,131.0300,2539
2018,2,9,12,36,130.9600,130.8500,130.7000,130.9600,11763
2018,2,9,12,37,130.7300,130.7300,130.5900,130.7600,1470
2018,2,9,12,38,130.7400,130.8800,130.7400,130.8800,300
2018,2,9,12,39,130.8300,130.8100,130.7900,130.8300,501
2018,2,9,12,40,130.7790,130.7400,130.6700,130.7800,6277
2018,2,9,12,41,130.6400,130.7100,130.6400,130.7100,2300
2018,2,9,12,42,130.6000,130.6100,130.6000,130.6100,400
2018,2,9,12,43,130.5700,130.6200,130.5300,130.6700,6066
2018,2,9,12,44,130.5900,130.4600,130.4600,130.5900,5291
2018,2,9,12,45,130.4400,130.3700,130.3700,130.4400,900
2018,2,9,12,46,130.3800,130.4000,130.3800,130.4400,1100
2018,2,9,12,47,130.3500,130.5600,130.3200,130.5600,3401
2018,2,9,12,48,130.5300,130.4500,130.4000,130.5300,3012
2018,2,9,12,49,130.3900,130.3200,130.3200,130.3990,1515
2018,2,9,12,50,130.2800,130.3200,130.2800,130.4000,2113
2018,2,9,12,51,130.3100,130.2400,130.2100,130.3100,4480
2018,2,9,12,52,130.3300,130.6300,130.3300,130.6300,7900
2018,2,9,12,53,130.6300,130.6300,130.6300,130.6300,448
2018,2,9,12,54,130.6600,130.5500,130.5500,130.6600,1373
2018,2,9,12,55,130.6100,130.6900,130.6100,130.7300,7139
2018,2,9,12,56,130.7300,130.8600,130.7300,130.8600,6984
2018,2,9,12,57,130.9400,130.9600,130.8600,130.9600,1150
2018,2,9,12,58,131.0100,131.1090,130.9900,131.1090,1490
2018,2,9,12,59,131.1990,131.2800,131.1990,131.3200,10584
2018,2,9,13,0,131.4200,131.5000,131.4200,131.5000,800
2018,2,9,13,1,131.3800,131.0900,131.0900,131.3900,3030
2018,2,9,13,2,131.2700,131.1700,131.1400,131.2700,1500
2018,2,9,13,3,131.0900,131.0900,131.0900,131.0900,664
2018,2,9,13,4,130.9400,130.8900,130.8900,130.9400,600
2018,2,9,13,5,130.9000,130.9900,130.8600,130.9900,1400
2018,2,9,13,6,131.0500,131.1100,131.0500,131.1400,700
2018,2,9,13,7,131.0400,131.0800,131.0000,131.0800,400
2018,2,9,13,8,130.9800,130.9900,130.9200,131.0600,1300
2018,2,9,13,9,131.0500,130.9900,130.9600,131.0500,703
2018,2,9,13,10,130.9400,130.8200,130.8200,130.9400,600
2018,2,9,13,11,130.8100,130.6900,130.6900,130.8100,1400
2018,2,9,13,12,130.7400,130.7300,130.7300,130.7600,800
2018,2,9,13,13,130.6500,130.5600,130.4000,130.6500,7150
2018,2,9,13,14,130.4900,130.4200,130.4200,130.4900,500
2018,2,9,13,15,130.4500,130.5500,130.4400,130.5500,2300
2018,2,9,13,16,130.5600,130.5700,130.5500,130.6000,700
2018,2,9,13,17,130.5100,130.5500,130.5100,130.6200,792
2018,2,9,13,18,130.4900,130.7000,130.4900,130.7000,800
2018,2,9,13,19,130.7100,130.6700,130.6500,130.7800,1100
2018,2,9,13,20,130.6200,130.8300,130.6200,130.8300,1482
2018,2,9,13,21,130.8700,130.8500,130.8010,130.9100,900
2018,2,9,13,22,130.9200,130.8300,130.8000,130.9200,815
2018,2,9,13,23,130.7800,130.5300,130.4500,130.7800,4073
2018,2,9,13,24,130.5000,130.3990,130.3200,130.5000,6192
2018,2,9,13,25,130.3100,130.3500,130.2600,130.3500,4859
2018,2,9,13,26,130.3300,130.4100,130.3300,130.4100,800
2018,2,9,13,27,130.4300,130.4900,130.4300,130.5900,4600
2018,2,9,13,28,130.3900,130.2500,130.1800,130.3900,10180
2018,2,9,13,29,130.2900,130.2600,130.1700,130.3000,3501
2018,2,9,13,30,130.1600,130.3600,130.1600,130.5100,13600
2018,2,9,13,31,130.3000,130.4500,130.2200,130.4500,5897
2018,2,9,13,32,130.4900,130.3800,130.3800,130.5500,700
2018,2,9,13,33,130.4200,130.2800,130.2800,130.4600,2100
2018,2,9,13,35,130.2300,130.2300,130.2300,130.2410,700
2018,2,9,13,36,130.3400,130.3600,130.3400,130.3600,300
2018,2,9,13,37,130.3000,130.1500,130.1500,130.3000,2969
2018,2,9,13,38,130.1300,130.0100,129.9700,130.1300,62376
2018,2,9,13,39,129.9600,130.0200,129.8500,130.0200,4797
2018,2,9,13,40,130.0000,129.9700,129.9700,130.0800,2239
2018,2,9,13,41,129.9700,130.1610,129.9700,130.2300,6104
2018,2,9,13,42,130.0200,130.1600,130.0200,130.1600,400
2018,2,9,13,43,130.1800,130.3900,130.1800,130.3900,7068
2018,2,9,13,44,130.4000,130.3100,130.3100,130.4300,1993
2018,2,9,13,45,130.2700,130.4300,130.2200,130.4300,1300
2018,2,9,13,46,130.3600,130.5000,130.3600,130.5000,3242
2018,2,9,13,47,130.5700,130.7700,130.5700,130.7700,3100
2018,2,9,13,48,130.7000,130.7000,130.7000,130.7000,200
2018,2,9,13,49,130.6700,130.7900,130.6600,130.8200,600
2018,2,9,13,50,130.8100,130.9200,130.7700,130.9400,7425
2018,2,9,13,51,130.9110,130.9200,130.9110,130.9700,971
2018,2,9,13,52,130.9700,131.0300,130.9500,131.0300,4508
2018,2,9,13,53,131.0600,131.1500,131.0600,131.1500,510
2018,2,9,13,54,131.1100,131.2300,131.0000,131.2300,2622
2018,2,9,13,55,131.2700,131.3800,131.2700,131.3800,9588
2018,2,9,13,56,131.3500,131.7100,131.3400,131.7500,6150
2018,2,9,13,57,131.7090,131.7590,131.7000,131.7800,5827
2018,2,9,13,58,131.7700,131.7900,131.6700,131.7900,6984
2018,2,9,13,59,131.7090,131.4800,131.4000,131.7400,13158
2018,2,9,14,0,131.5490,131.3200,131.3100,131.5490,1450
2018,2,9,14,1,131.2700,131.5200,131.2600,131.5400,12384
2018,2,9,14,2,131.6400,131.8400,131.6300,131.8400,2951
2018,2,9,14,3,131.7790,132.1200,131.6200,132.2100,16234
2018,2,9,14,4,132.2300,132.5200,132.2300,132.6100,6107
2018,2,9,14,5,132.5200,132.2900,132.2900,132.5200,4445
2018,2,9,14,6,132.1700,132.0500,132.0300,132.1700,1800
2018,2,9,14,7,132.0800,132.3500,132.0700,132.3500,9422
2018,2,9,14,8,132.2600,132.5000,132.2000,132.5000,7900
2018,2,9,14,9,132.4000,132.3400,132.2300,132.4000,1300
2018,2,9,14,10,132.3100,132.4200,132.2000,132.4200,1600
2018,2,9,14,11,132.4600,132.8800,132.4600,132.8800,7685
2018,2,9,14,12,132.8600,132.7600,132.7600,133.0000,8520
2018,2,9,14,13,132.7510,132.5000,132.5000,132.8300,2100
2018,2,9,14,14,132.5100,132.5000,132.3100,132.5700,24665
2018,2,9,14,15,132.5700,132.6400,132.5500,132.7200,26422
2018,2,9,14,16,132.6900,132.4600,132.4600,132.7500,5150
2018,2,9,14,17,132.5000,132.7000,132.4800,132.7000,4893
2018,2,9,14,18,132.7000,133.0100,132.7000,133.0100,4976
2018,2,9,14,19,132.9200,133.2000,132.9000,133.2400,4615
2018,2,9,14,20,133.1600,133.0700,133.0400,133.2200,2400
2018,2,9,14,21,133.1400,133.0500,133.0500,133.1400,3096
2018,2,9,14,22,132.9600,133.2600,132.9600,133.2600,4019
2018,2,9,14,23,133.3000,133.2800,133.1600,133.3100,20746
2018,2,9,14,24,133.2400,133.2500,133.2400,133.3200,1000
2018,2,9,14,25,133.3300,133.5000,133.3300,133.5000,1240
2018,2,9,14,26,133.5400,133.5600,133.5400,133.7900,6384
2018,2,9,14,27,133.5200,133.4190,133.3500,133.5200,2665
2018,2,9,14,28,133.3200,133.2600,133.2500,133.3600,1700
2018,2,9,14,29,133.3000,133.0100,133.0100,133.3100,3550
2018,2,9,14,30,132.9400,132.7400,132.7400,133.0400,3120
2018,2,9,14,31,132.8200,132.6300,132.6300,132.9600,3361
2018,2,9,14,32,132.6300,132.8500,132.6300,132.8500,1650
2018,2,9,14,33,132.7600,132.8800,132.7400,132.9000,1400
2018,2,9,14,34,132.8900,132.6800,132.6800,132.8900,2600
2018,2,9,14,35,132.6900,132.6300,132.6200,132.7200,2856
2018,2,9,14,36,132.6500,132.3300,132.3300,132.6500,4484
2018,2,9,14,37,132.3700,132.5600,132.3700,132.6700,4916
2018,2,9,14,38,132.5900,132.8700,132.5200,132.8700,1800
2018,2,9,14,39,132.9300,132.8900,132.7500,132.9300,2077
2018,2,9,14,40,132.8400,132.9000,132.6900,132.9000,3000
2018,2,9,14,41,132.9100,132.8000,132.8000,133.0500,6247
2018,2,9,14,42,132.8200,132.9000,132.8200,133.0100,1985
2018,2,9,14,43,132.9900,132.8700,132.8500,132.9900,6400
2018,2,9,14,44,132.7000,132.6400,132.6400,132.7000,200
2018,2,9,14,45,132.6000,132.8300,132.6000,132.8300,2900
2018,2,9,14,46,132.8700,132.9500,132.8300,132.9500,2000
2018,2,9,14,47,132.9800,133.0100,132.9800,133.0900,900
2018,2,9,14,48,132.9400,132.7600,132.7600,132.9400,800
2018,2,9,14,49,132.7200,132.8400,132.7200,132.8400,600
2018,2,9,14,50,132.9200,132.8800,132.7300,132.9400,10025
2018,2,9,14,51,132.8600,132.8600,132.7900,132.8600,500
2018,2,9,14,52,132.9200,132.9100,132.9000,133.0100,1506
2018,2,9,14,53,133.0600,133.0890,133.0300,133.0990,3602
2018,2,9,14,54,133.2100,133.1400,133.1400,133.2200,1290
2018,2,9,14,55,133.0600,133.0800,132.9800,133.0800,3275
2018,2,9,14,56,132.9800,132.8000,132.8000,132.9800,2915
2018,2,9,14,57,132.7300,132.8500,132.7300,132.8500,1900
2018,2,9,14,58,132.9300,132.9500,132.9300,132.9500,200
2018,2,9,14,59,132.8000,132.7200,132.6900,132.8200,3700
2018,2,9,15,0,132.7100,132.7200,132.7100,132.7200,400
2018,2,9,15,1,132.6100,132.5500,132.4800,132.6100,4340
2018,2,9,15,2,132.6100,132.3300,132.3000,132.6200,4678
2018,2,9,15,3,132.3400,132.3600,132.1600,132.3700,6833
2018,2,9,15,4,132.4100,132.4600,132.3900,132.5000,2036
2018,2,9,15,5,132.3700,132.3500,132.3200,132.3700,1266
2018,2,9,15,6,132.3200,132.4300,132.3000,132.4400,1905
2018,2,9,15,7,132.3900,132.1600,132.1300,132.3900,15271
2018,2,9,15,8,132.1800,132.2400,132.1600,132.3000,2484
2018,2,9,15,9,132.2200,132.0210,131.9800,132.2200,5150
2018,2,9,15,10,131.9900,132.0100,131.8100,132.0200,2802
2018,2,9,15,11,131.8800,131.8500,131.8500,131.8900,4689
2018,2,9,15,12,131.9100,131.9200,131.8400,131.9200,6140
2018,2,9,15,14,132.2200,132.3600,132.1600,132.3600,652
2018,2,9,15,15,132.3700,132.6100,132.3600,132.6100,4903
2018,2,9,15,16,132.5900,132.6300,132.5800,132.6900,5811
2018,2,9,15,17,132.5890,132.5800,132.4490,132.6000,2160
2018,2,9,15,18,132.6900,132.7990,132.6800,132.8000,11289
2018,2,9,15,19,132.7600,132.7600,132.5900,132.8000,2122
2018,2,9,15,20,132.6900,132.8200,132.6300,132.8200,812
2018,2,9,15,21,132.9500,133.0500,132.9200,133.0500,3300
2018,2,9,15,22,133.0900,132.8300,132.8300,133.1400,2100
2018,2,9,15,23,132.8300,133.0000,132.8200,133.0000,1280
2018,2,9,15,24,132.9090,132.9200,132.9090,132.9400,600
2018,2,9,15,25,132.7800,132.7800,132.7800,132.7800,100
2018,2,9,15,27,132.8500,132.9490,132.8300,132.9490,1169
2018,2,9,15,28,132.8000,132.8890,132.8000,132.8890,900
2018,2,9,15,29,133.0900,133.2200,133.0900,133.2200,4400
2018,2,9,15,30,133.2100,132.9700,132.9700,133.2500,3500
2018,2,9,15,31,133.0300,133.0800,132.9900,133.2200,4620
2018,2,9,15,32,133.1200,133.1700,133.0200,133.2000,14350
2018,2,9,15,33,133.1400,133.3000,133.1400,133.3700,4900
2018,2,9,15,34,133.3500,133.4500,133.2600,133.4500,5400
2018,2,9,15,35,133.4100,133.4300,133.3900,133.4500,900
2018,2,9,15,36,133.4900,133.4000,133.4000,133.5290,680
2018,2,9,15,37,133.3100,133.1700,133.1700,133.3100,3100
2018,2,9,15,38,133.1500,133.3800,133.1500,133.4200,3854
2018,2,9,15,39,133.4900,133.5600,133.4900,133.5800,1120
2018,2,9,15,40,133.4990,133.4200,133.4000,133.5400,1935
2018,2,9,15,41,133.4200,133.5500,133.4200,133.5500,600
2018,2,9,15,42,133.5600,133.7500,133.5600,133.7500,4200
2018,2,9,15,43,133.7600,133.8200,133.7600,133.8600,1900
2018,2,9,15,44,133.8800,133.9000,133.8700,133.9600,5048
2018,2,9,15,45,133.9790,134.0100,133.9600,134.0100,1353
2018,2,9,15,46,134.0700,134.3400,134.0700,134.3400,7955
2018,2,9,15,47,134.3100,134.4500,134.3100,134.5200,4734
2018,2,9,15,48,134.5100,134.5400,134.4900,134.6900,2100
2018,2,9,15,49,134.7500,134.7900,134.7100,134.8200,3515
2018,2,9,15,50,134.7800,134.7000,134.4200,134.7800,13965
2018,2,9,15,51,134.7400,134.8800,134.7000,134.9500,4988
2018,2,9,15,52,134.9300,135.1900,134.9300,135.2100,16713
2018,2,9,15,53,135.1300,134.8400,134.8400,135.1300,10915
2018,2,9,15,54,134.8300,134.8900,134.8300,135.0200,4362
2018,2,9,15,55,134.8600,134.8000,134.8000,134.9300,2600
2018,2,9,15,56,134.5700,134.7000,134.3500,134.7690,8370
2018,2,9,15,57,134.7000,134.4700,134.4700,134.7000,2200
2018,2,9,15,58,134.5600,134.3000,134.2100,134.5700,3131
2018,2,9,15,59,134.2900,134.0600,134.0600,134.2900,5915
2018,2,9,16,0,134.0200,134.2300,133.8800,134.2300,27517
2018,2,12,9,30,135.3500,135.3000,135.3000,135.3500,200666
2018,2,12,9,31,135.3500,135.5200,135.3500,135.5200,2258
2018,2,12,9,32,135.5200,135.4400,135.3800,135.5200,10014
2018,2,12,9,33,135.4400,135.5000,135.3800,135.5290,7045
2018,2,12,9,34,135.5300,135.7400,135.5100,135.7400,6467
2018,2,12,9,35,135.8500,135.6900,135.6900,135.9000,2922
2018,2,12,9,36,135.7800,135.6400,135.6400,135.8400,802
2018,2,12,9,37,135.6600,135.5300,135.5000,135.6600,700
2018,2,12,9,38,135.5400,135.5200,135.4600,135.5400,7066
2018,2,12,9,39,135.4900,135.6300,135.4900,135.6300,3453
2018,2,12,9,40,135.6700,135.6100,135.6100,135.6800,300
2018,2,12,9,41,135.6500,135.7000,135.6500,135.7000,500
2018,2,12,9,42,135.6400,135.8500,135.6400,135.8500,6015
2018,2,12,9,43,135.9000,135.8900,135.8900,135.9000,800
2018,2,12,9,44,135.9200,135.8700,135.8700,135.9300,700
2018,2,12,9,46,135.9100,135.8000,135.8000,135.9100,1050
2018,2,12,9,47,135.7400,135.7100,135.7100,135.8000,1292
2018,2,12,9,48,135.7900,135.6300,135.6300,135.7900,1200
2018,2,12,9,49,135.6200,135.5800,135.5800,135.6200,500
2018,2,12,9,51,135.4600,135.3900,135.3500,135.4600,400
2018,2,12,9,52,135.3510,135.2900,135.2900,135.3600,500
2018,2,12,9,53,135.3100,135.3100,135.3100,135.3200,800
2018,2,12,9,54,135.3400,135.3400,135.3400,135.3400,372
2018,2,12,9,55,135.1500,135.1800,135.1500,135.1800,700
2018,2,12,9,59,135.3700,135.3700,135.3700,135.3700,150
2018,2,12,10,0,135.0900,135.1300,135.0900,135.1600,500
2018,2,12,10,1,135.1500,135.1200,135.1200,135.1500,400
2018,2,12,10,2,135.1900,135.1300,135.1300,135.2200,1100
2018,2,12,10,4,135.3100,135.4900,135.3100,135.4900,600
2018,2,12,10,5,135.5200,135.4900,135.4900,135.5200,1280
2018,2,12,10,6,135.5500,135.5800,135.5500,135.5800,1100
2018,2,12,10,7,135.3600,135.3400,135.3300,135.3600,1396
2018,2,12,10,8,135.3500,135.3500,135.3500,135.3500,170
2018,2,12,10,9,135.3100,135.2500,135.2500,135.3100,200
2018,2,12,10,10,135.0700,135.0700,135.0500,135.0700,600
2018,2,12,10,11,135.0200,134.9800,134.9800,135.0200,2856
2018,2,12,10,12,135.0300,135.1200,135.0300,135.1200,670
2018,2,12,10,13,135.1100,135.0300,135.0300,135.1100,400
2018,2,12,10,14,134.9300,134.8800,134.8500,134.9400,2150
2018,2,12,10,15,134.9100,134.9100,134.9100,134.9100,298
2018,2,12,10,16,134.8400,134.7700,134.7700,134.8600,1800
2018,2,12,10,17,134.7100,134.7100,134.7100,134.7100,200
2018,2,12,10,18,134.8200,134.9600,134.8200,134.9600,2200
2018,2,12,10,19,134.9400,134.8500,134.8500,134.9400,500
2018,2,12,10,20,134.6700,134.6700,134.6700,134.6700,100
2018,2,12,10,21,134.5500,134.6000,134.4900,134.6100,3202
2018,2,12,10,22,134.7200,134.7300,134.7200,134.7300,300
2018,2,12,10,23,134.7100,134.7500,134.6800,134.7500,1750
2018,2,12,10,24,134.6000,134.4000,134.4000,134.6000,200
2018,2,12,10,25,134.5900,134.5500,134.5300,134.5900,1100
2018,2,12,10,26,134.4000,134.4300,134.3800,134.6000,5300
2018,2,12,10,27,134.2900,134.2700,134.2700,134.2900,300
2018,2,12,10,28,134.2600,134.2400,134.2400,134.2600,590
2018,2,12,10,29,134.3000,134.2800,134.2800,134.3000,2200
2018,2,12,10,30,134.5100,134.5100,134.5100,134.5100,200
2018,2,12,10,31,134.6200,134.5000,134.5000,134.6200,300
2018,2,12,10,32,134.4900,134.4900,134.4900,134.4900,100
2018,2,12,10,33,134.5400,134.5100,134.4800,134.5400,800
2018,2,12,10,34,134.4000,134.4600,134.4000,134.4600,400
2018,2,12,10,35,134.6200,134.8900,134.6200,134.8900,2438
2018,2,12,10,36,134.9190,134.9200,134.9000,134.9200,1100
2018,2,12,10,37,135.0000,134.9700,134.9700,135.0100,614
2018,2,12,10,38,135.0590,135.0890,135.0590,135.0900,955
2018,2,12,10,39,135.0300,134.9890,134.9890,135.0300,500
2018,2,12,10,40,134.9800,134.8500,134.8500,134.9800,300
2018,2,12,10,41,134.8000,134.6800,134.6800,134.8000,890
2018,2,12,10,42,134.6600,134.6300,134.6300,134.6600,200
2018,2,12,10,43,134.5500,134.6800,134.5500,134.6800,700
2018,2,12,10,45,134.5700,134.5500,134.5500,134.5700,700
2018,2,12,10,46,134.7300,134.6800,134.6800,134.7300,1348
2018,2,12,10,48,134.8400,134.7590,134.7590,134.8400,400
2018,2,12,10,49,134.8900,134.9300,134.8900,134.9300,400
2018,2,12,10,50,134.9400,135.0100,134.9400,135.0100,515
2018,2,12,10,51,135.0300,134.9100,134.9100,135.0500,3138
2018,2,12,10,52,134.8600,134.8500,134.8300,134.8600,2550
2018,2,12,10,53,134.8800,134.8000,134.8000,134.8800,916
2018,2,12,10,54,134.6600,134.7400,134.6600,134.7400,1000
2018,2,12,10,55,134.7500,134.8000,134.7400,134.8000,3800
2018,2,12,10,56,134.8800,134.8700,134.8600,134.8800,1400
2018,2,12,10,57,134.8500,134.8900,134.8100,134.8900,1900
2018,2,12,10,58,134.8900,134.9200,134.8900,134.9200,1700
2018,2,12,10,59,134.9100,134.8700,134.8600,134.9800,14500
2018,2,12,11,0,134.9400,135.0200,134.9400,135.0200,1100
2018,2,12,11,1,135.0200,134.9400,134.9400,135.1000,12700
2018,2,12,11,2,134.9100,134.9200,134.8700,134.9200,3600
2018,2,12,11,3,134.8100,134.7300,134.7300,134.8100,2000
2018,2,12,11,4,134.7100,134.9100,134.7000,134.9100,3074
2018,2,12,11,5,134.9500,134.9700,134.9500,134.9900,2100
2018,2,12,11,6,135.1600,135.1600,135.1600,135.1600,600
2018,2,12,11,7,135.1300,135.1300,135.1300,135.1300,200
2018,2,12,11,9,134.9900,134.9900,134.9900,134.9900,400
2018,2,12,11,10,134.9800,134.9700,134.9700,134.9800,300
2018,2,12,11,11,134.9800,134.9600,134.9600,134.9800,200
2018,2,12,11,12,134.8200,134.8200,134.8200,134.8200,100
2018,2,12,11,13,134.8200,134.9700,134.8200,134.9700,1300
2018,2,12,11,14,134.9500,135.1000,134.9500,135.1100,1700
2018,2,12,11,15,135.2090,135.2200,135.1600,135.2400,2197
2018,2,12,11,16,135.2500,135.2700,135.2200,135.2900,5534
2018,2,12,11,17,135.2200,135.1000,135.1000,135.2200,2138
2018,2,12,11,18,135.0700,135.0700,135.0700,135.0700,100
2018,2,12,11,19,135.1600,135.1100,135.1100,135.1700,940
2018,2,12,11,20,135.2100,135.2100,135.2100,135.2100,200
2018,2,12,11,21,135.2300,135.2200,135.1400,135.2300,600
2018,2,12,11,22,135.1800,135.2000,135.1700,135.2200,600
2018,2,12,11,23,135.2800,135.2500,135.2500,135.2800,200
2018,2,12,11,24,135.2000,135.1800,135.1800,135.2000,300
2018,2,12,11,25,135.2400,135.2900,135.2400,135.3000,1184
2018,2,12,11,26,135.3000,135.2400,135.2300,135.3000,600
2018,2,12,11,27,135.1900,135.2500,135.1600,135.2500,300
2018,2,12,11,28,135.2100,135.1300,135.1300,135.2200,400
2018,2,12,11,29,135.2000,135.2300,135.2000,135.2400,600
2018,2,12,11,30,135.2600,135.2600,135.2600,135.3100,800
2018,2,12,11,31,135.2100,135.1600,135.1600,135.2600,618
2018,2,12,11,32,135.1500,135.0200,135.0200,135.1500,800
2018,2,12,11,33,135.0300,135.0500,134.9900,135.0500,584
2018,2,12,11,34,135.0100,135.0800,135.0100,135.0800,400
2018,2,12,11,35,135.0700,135.1600,135.0700,135.1600,640
2018,2,12,11,36,135.1800,135.2000,135.1800,135.2000,1044
2018,2,12,11,37,135.2100,135.2100,135.2100,135.2100,200
2018,2,12,11,39,135.2600,135.2500,135.2500,135.2600,300
2018,2,12,11,40,135.2400,135.3500,135.2400,135.3500,400
2018,2,12,11,41,135.3800,135.3800,135.3800,135.3800,100
2018,2,12,11,42,135.4100,135.4100,135.4100,135.4100,200
2018,2,12,11,43,135.4000,135.4100,135.4000,135.4100,300
2018,2,12,11,44,135.4500,135.4500,135.4500,135.4500,100
2018,2,12,11,45,135.3700,135.3900,135.3700,135.3900,200
2018,2,12,11,46,135.3000,135.3000,135.3000,135.3500,3500
2018,2,12,11,47,135.3100,135.3500,135.3100,135.3500,500
2018,2,12,11,48,135.4600,135.4900,135.4600,135.4900,300
2018,2,12,11,49,135.4400,135.4000,135.3700,135.4400,3210
2018,2,12,11,50,135.3800,135.3800,135.3800,135.3800,405
2018,2,12,11,51,135.4200,135.4700,135.4200,135.4700,400
2018,2,12,11,52,135.4200,135.4400,135.4200,135.4400,200
2018,2,12,11,53,135.3400,135.3100,135.2900,135.3400,440
2018,2,12,11,54,135.4000,135.4100,135.3900,135.4100,620
2018,2,12,11,55,135.4700,135.5900,135.4500,135.5900,4400
2018,2,12,11,56,135.6000,135.6500,135.6000,135.6500,1365
2018,2,12,11,57,135.7000,135.8000,135.6900,135.8300,2775
2018,2,12,11,58,135.7600,135.7300,135.7300,135.7600,200
2018,2,12,11,59,135.7400,135.7400,135.7400,135.7400,100
2018,2,12,12,0,135.8500,135.8800,135.8500,135.8800,464
2018,2,12,12,1,135.8300,135.8300,135.8300,135.8300,100
2018,2,12,12,2,135.7600,135.7600,135.7600,135.7600,100
2018,2,12,12,4,135.8100,135.8000,135.8000,135.8100,200
2018,2,12,12,5,135.8400,135.8400,135.8400,135.8400,300
2018,2,12,12,6,135.8100,135.7500,135.7500,135.8200,3000
2018,2,12,12,7,135.7300,135.7000,135.7000,135.7300,839
2018,2,12,12,8,135.7800,135.8100,135.7800,135.8100,688
2018,2,12,12,9,135.8200,135.8500,135.8200,135.8500,300
2018,2,12,12,10,135.8200,135.9500,135.8200,135.9500,797
2018,2,12,12,11,135.9600,135.9100,135.9100,135.9700,1500
2018,2,12,12,12,135.9400,135.9990,135.9400,135.9990,325
2018,2,12,12,13,135.9500,135.9400,135.9400,135.9500,369
2018,2,12,12,15,136.0000,136.1700,135.9600,136.1900,9987
2018,2,12,12,16,136.1800,136.2400,136.1400,136.2400,700
2018,2,12,12,17,136.2800,136.2800,136.2800,136.2800,300
2018,2,12,12,18,136.2500,136.2500,136.2500,136.2500,100
2018,2,12,12,19,136.2300,136.2000,136.2000,136.2300,3200
2018,2,12,12,20,136.2300,136.2300,136.2300,136.2300,200
2018,2,12,12,21,136.1600,136.1600,136.1600,136.1600,200
2018,2,12,12,22,136.1000,136.0300,136.0300,136.1100,5600
2018,2,12,12,23,136.0400,136.0400,136.0400,136.0500,900
2018,2,12,12,24,136.0700,136.0700,136.0700,136.0700,100
2018,2,12,12,25,136.0800,136.1400,136.0800,136.1400,350
2018,2,12,12,26,136.0800,136.0400,136.0400,136.0800,200
2018,2,12,12,27,136.1000,136.1000,136.1000,136.1000,300
2018,2,12,12,28,136.1300,136.1500,136.1300,136.1500,1400
2018,2,12,12,29,136.1890,136.1800,136.1800,136.1890,900
2018,2,12,12,30,136.1300,136.1300,136.1300,136.1300,400
2018,2,12,12,31,136.0900,136.0700,136.0700,136.0900,300
2018,2,12,12,33,136.0000,135.9700,135.9700,136.0000,722
2018,2,12,12,34,136.0010,136.0010,136.0010,136.0010,2400
2018,2,12,12,37,135.9800,135.9900,135.9800,135.9900,600
2018,2,12,12,38,135.9600,136.0300,135.9600,136.0300,1500
2018,2,12,12,39,135.9900,136.0200,135.9400,136.0200,1100
2018,2,12,12,40,136.0400,136.1200,136.0400,136.1200,1700
2018,2,12,12,41,136.0600,136.0300,136.0300,136.0600,200
2018,2,12,12,42,136.0100,136.0100,136.0100,136.0100,180
2018,2,12,12,43,135.9900,135.9900,135.9900,135.9900,100
2018,2,12,12,44,135.9300,135.9500,135.9300,135.9500,600
2018,2,12,12,45,135.9200,135.9200,135.9200,135.9200,300
2018,2,12,12,46,136.0400,136.0100,136.0100,136.0500,2600
2018,2,12,12,47,136.0100,136.0100,136.0100,136.0100,100
2018,2,12,12,49,135.9000,135.9300,135.8800,135.9300,811
2018,2,12,12,50,135.9000,135.9000,135.9000,135.9000,200
2018,2,12,12,51,135.8700,135.9500,135.8700,135.9800,7700
2018,2,12,12,52,135.9400,135.9400,135.9400,135.9400,200
2018,2,12,12,53,135.9500,136.1000,135.9500,136.1000,825
2018,2,12,12,54,136.1100,136.1300,136.1100,136.1300,800
2018,2,12,12,57,136.1000,136.1100,136.1000,136.1100,200
2018,2,12,12,58,136.0700,136.0000,136.0000,136.0700,346
2018,2,12,12,59,136.0100,136.0100,135.9900,136.0100,600
2018,2,12,13,0,135.9800,135.9600,135.9600,135.9800,200
2018,2,12,13,1,136.0600,136.0600,136.0600,136.1200,1800
2018,2,12,13,2,136.0600,136.0800,136.0600,136.0800,200
2018,2,12,13,3,136.0300,136.0000,136.0000,136.0300,200
2018,2,12,13,4,136.0900,136.1100,136.0800,136.1100,400
2018,2,12,13,6,135.9900,135.9900,135.9900,135.9900,206
2018,2,12,13,7,135.9500,135.9100,135.9000,135.9500,300
2018,2,12,13,8,135.9000,135.8900,135.8800,135.9400,9840
2018,2,12,13,9,135.8900,135.8700,135.8700,135.8900,3689
2018,2,12,13,10,135.8500,135.8100,135.7800,135.8500,1664
2018,2,12,13,11,135.8600,135.8600,135.8600,135.8600,100
2018,2,12,13,12,135.8700,135.9600,135.8700,135.9700,3198
2018,2,12,13,13,135.9700,135.9800,135.9700,136.0100,400
2018,2,12,13,14,135.9700,135.9300,135.9100,135.9900,600
2018,2,12,13,15,136.0000,136.0500,136.0000,136.0500,300
2018,2,12,13,16,136.0100,136.0100,136.0100,136.0100,100
2018,2,12,13,17,135.9900,135.9600,135.9600,135.9900,300
2018,2,12,13,18,135.9300,135.9900,135.9300,135.9900,600
2018,2,12,13,19,136.0100,136.0400,136.0000,136.0500,1696
2018,2,12,13,20,135.9100,135.9400,135.9100,135.9400,362
2018,2,12,13,21,135.8500,135.8500,135.8500,135.8500,1638
2018,2,12,13,22,135.9300,135.9300,135.9300,135.9300,100
2018,2,12,13,23,135.9200,135.9200,135.8600,135.9200,2700
2018,2,12,13,24,136.0100,136.0300,136.0000,136.0300,300
2018,2,12,13,25,136.0300,136.0300,136.0300,136.0300,500
2018,2,12,13,26,136.0300,136.0300,136.0300,136.0300,100
2018,2,12,13,27,136.0400,136.0500,136.0400,136.0500,215
2018,2,12,13,28,136.0700,136.0300,136.0200,136.0700,900
2018,2,12,13,29,136.0310,136.0400,136.0200,136.0400,315
2018,2,12,13,30,136.0000,136.0200,136.0000,136.0200,200
2018,2,12,13,31,136.0600,136.0600,136.0500,136.0700,600
2018,2,12,13,32,136.0200,136.0200,136.0200,136.0200,200
2018,2,12,13,34,136.0200,136.0300,136.0200,136.0700,436
2018,2,12,13,36,136.0600,136.0600,136.0600,136.0600,300
2018,2,12,13,37,136.0200,136.0400,136.0200,136.0400,400
2018,2,12,13,38,135.9800,135.9200,135.9200,136.0000,1292
2018,2,12,13,39,135.9400,135.9600,135.9400,135.9600,400
2018,2,12,13,40,136.0000,136.0000,136.0000,136.0000,100
2018,2,12,13,41,136.0300,136.0300,136.0300,136.0300,100
2018,2,12,13,43,135.9990,136.0000,135.9990,136.0200,543
2018,2,12,13,44,135.9400,135.9600,135.9400,135.9600,200
2018,2,12,13,47,136.0000,136.0000,136.0000,136.0000,100
2018,2,12,13,48,136.0100,136.0290,136.0100,136.0290,430
2018,2,12,13,49,136.0500,136.0490,136.0490,136.0500,350
2018,2,12,13,50,136.0500,136.0900,136.0500,136.1000,1214
2018,2,12,13,51,136.0800,136.1600,136.0800,136.1600,13720
2018,2,12,13,52,136.2100,136.2700,136.2000,136.2700,1230
2018,2,12,13,53,136.2400,136.2600,136.2400,136.2600,500
2018,2,12,13,54,136.3300,136.3900,136.3300,136.3900,200
2018,2,12,13,55,136.4200,136.5000,136.4200,136.5000,1310
2018,2,12,13,56,136.5000,136.4500,136.4500,136.5000,300
2018,2,12,13,57,136.4800,136.5000,136.4800,136.5100,1787
2018,2,12,13,58,136.5300,136.6200,136.5100,136.6200,3595
2018,2,12,13,59,136.6500,136.6600,136.6500,136.6600,800
2018,2,12,14,0,136.5000,136.5000,136.5000,136.5000,500
2018,2,12,14,1,136.5500,136.5000,136.5000,136.5600,840
2018,2,12,14,2,136.4600,136.4900,136.4600,136.4900,300
2018,2,12,14,3,136.4400,136.4100,136.3900,136.4400,2500
2018,2,12,14,4,136.3800,136.3800,136.3800,136.3800,266
2018,2,12,14,5,136.3800,136.4000,136.3800,136.4000,1661
2018,2,12,14,6,136.3900,136.3700,136.3700,136.4200,300
2018,2,12,14,7,136.3800,136.4300,136.3800,136.4300,400
2018,2,12,14,8,136.3500,136.3100,136.2900,136.3500,500
2018,2,12,14,9,136.3000,136.2200,136.2200,136.3000,3837
2018,2,12,14,10,136.2700,136.2700,136.2700,136.3000,700
2018,2,12,14,11,136.2500,136.2700,136.2500,136.2700,300
2018,2,12,14,12,136.2900,136.3100,136.2900,136.3100,210
2018,2,12,14,13,136.2400,136.2400,136.2400,136.2400,100
2018,2,12,14,14,136.2600,136.3000,136.2600,136.3000,2500
2018,2,12,14,15,136.2600,136.2500,136.2500,136.2600,200
2018,2,12,14,16,136.2700,136.3000,136.2700,136.3100,700
2018,2,12,14,18,136.1700,136.2000,136.1700,136.2000,300
2018,2,12,14,19,136.2200,136.2200,136.2200,136.2200,100
2018,2,12,14,21,136.2200,136.2400,136.2200,136.2500,510
2018,2,12,14,22,136.3200,136.3000,136.3000,136.3200,200
2018,2,12,14,23,136.3700,136.4100,136.3700,136.4100,400
2018,2,12,14,24,136.4100,136.4100,136.4100,136.4100,100
2018,2,12,14,25,136.3500,136.3500,136.3500,136.3500,300
2018,2,12,14,26,136.3200,136.3500,136.3200,136.3500,400
2018,2,12,14,27,136.3400,136.3700,136.3400,136.3700,1124
2018,2,12,14,28,136.3800,136.3800,136.3800,136.3900,400
2018,2,12,14,29,136.3900,136.4500,136.3900,136.4500,300
2018,2,12,14,30,136.4900,136.5200,136.4800,136.5500,1700
2018,2,12,14,31,136.5300,136.5400,136.5200,136.5600,1600
2018,2,12,14,32,136.5500,136.6100,136.5500,136.6300,1800
2018,2,12,14,33,136.5900,136.5600,136.5600,136.5900,600
2018,2,12,14,34,136.5800,136.5900,136.5800,136.5900,407
2018,2,12,14,35,136.5800,136.5100,136.5100,136.6200,2125
2018,2,12,14,36,136.5500,136.5500,136.5500,136.5500,200
2018,2,12,14,37,136.5400,136.6100,136.5400,136.6100,800
2018,2,12,14,38,136.6600,136.6000,136.6000,136.6600,400
2018,2,12,14,39,136.6200,136.5900,136.5900,136.6200,1200
2018,2,12,14,40,136.6000,136.5700,136.5700,136.6000,400
2018,2,12,14,41,136.6000,136.5000,136.5000,136.6000,1100
2018,2,12,14,42,136.5100,136.5900,136.5100,136.5900,800
2018,2,12,14,43,136.6490,136.6900,136.6490,136.6900,400
2018,2,12,14,45,136.6000,136.6000,136.6000,136.6000,200
2018,2,12,14,46,136.4100,136.4400,136.3700,136.4500,4970
2018,2,12,14,47,136.4300,136.3900,136.3700,136.4300,300
2018,2,12,14,48,136.4200,136.3500,136.3500,136.4200,900
2018,2,12,14,49,136.3400,136.3100,136.2800,136.3400,1302
2018,2,12,14,50,136.3400,136.3100,136.2700,136.3400,980
2018,2,12,14,51,136.2600,136.1600,136.1600,136.2700,9120
2018,2,12,14,52,136.1500,136.1410,136.1210,136.1800,1500
2018,2,12,14,53,136.2100,136.2100,136.2100,136.2100,100
2018,2,12,14,54,136.1500,136.2100,136.1500,136.2100,400
2018,2,12,14,55,136.2600,136.2900,136.2600,136.3000,300
2018,2,12,14,56,136.3100,136.3400,136.2900,136.3400,1840
2018,2,12,14,57,136.3500,136.3700,136.3500,136.3700,380
2018,2,12,14,58,136.3400,136.3800,136.3300,136.3800,1200
2018,2,12,14,59,136.3700,136.2800,136.2700,136.3700,3333
2018,2,12,15,0,136.2700,136.3600,136.2700,136.3600,2310
2018,2,12,15,1,136.3200,136.3700,136.3200,136.3700,400
2018,2,12,15,2,136.3700,136.3700,136.3500,136.3800,1367
2018,2,12,15,3,136.4100,136.4410,136.4100,136.4600,4000
2018,2,12,15,4,136.4000,136.3900,136.3800,136.4200,700
2018,2,12,15,5,136.4000,136.4100,136.3400,136.4100,2100
2018,2,12,15,6,136.4300,136.4700,136.4300,136.4800,880
2018,2,12,15,7,136.4900,136.4800,136.4700,136.4900,683
2018,2,12,15,8,136.4800,136.5000,136.4800,136.5000,500
2018,2,12,15,9,136.4700,136.5000,136.4700,136.5100,1400
2018,2,12,15,10,136.4700,136.4700,136.4700,136.4700,276
2018,2,12,15,11,136.3910,136.4000,136.3800,136.4400,2692
2018,2,12,15,12,136.4100,136.4700,136.4100,136.4700,500
2018,2,12,15,13,136.4800,136.6400,136.4600,136.6400,4355
2018,2,12,15,14,136.6500,136.6900,136.6300,136.6900,1924
2018,2,12,15,15,136.7200,136.7000,136.7000,136.7400,3300
2018,2,12,15,16,136.7000,136.7000,136.7000,136.7200,1300
2018,2,12,15,17,136.6600,136.6700,136.6600,136.6700,200
2018,2,12,15,18,136.6600,136.6900,136.6600,136.6900,1100
2018,2,12,15,19,136.6600,136.6600,136.6600,136.6600,100
2018,2,12,15,20,136.6200,136.6400,136.6000,136.6400,600
2018,2,12,15,21,136.6800,136.7500,136.6800,136.7500,1300
2018,2,12,15,22,136.7300,136.8200,136.7300,136.8200,820
2018,2,12,15,23,136.8200,136.8200,136.7700,136.8500,2655
2018,2,12,15,24,136.8400,136.8100,136.8000,136.8400,3800
2018,2,12,15,26,136.7500,136.7000,136.7000,136.7500,4609
2018,2,12,15,27,136.6900,136.6700,136.6700,136.6900,700
2018,2,12,15,28,136.6500,136.5800,136.5800,136.6500,2738
2018,2,12,15,29,136.5500,136.5500,136.5500,136.5500,300
2018,2,12,15,30,136.6000,136.5900,136.5900,136.6000,369
2018,2,12,15,31,136.6300,136.7000,136.6300,136.7200,700
2018,2,12,15,32,136.6600,136.5000,136.5000,136.6600,3240
2018,2,12,15,33,136.5300,136.5100,136.5100,136.5300,400
2018,2,12,15,34,136.4000,136.3700,136.3600,136.4000,1600
2018,2,12,15,35,136.4300,136.4400,136.4100,136.4700,1127
2018,2,12,15,36,136.4700,136.3600,136.3600,136.4800,600
2018,2,12,15,37,136.3200,136.3100,136.3000,136.3200,1000
2018,2,12,15,38,136.2800,136.3100,136.2800,136.3500,1300
2018,2,12,15,39,136.2700,136.1300,136.1300,136.2700,1378
2018,2,12,15,40,136.1110,136.2900,136.1110,136.2900,1900
2018,2,12,15,41,136.3200,136.4100,136.3000,136.4500,2350
2018,2,12,15,42,136.4000,136.4000,136.4000,136.4000,100
2018,2,12,15,43,136.3100,136.3300,136.3100,136.4000,5178
2018,2,12,15,44,136.3500,136.4500,136.3200,136.4500,1600
2018,2,12,15,45,136.4200,136.4000,136.4000,136.4500,3960
2018,2,12,15,46,136.3400,135.9300,135.9300,136.3400,16501
2018,2,12,15,47,135.9200,135.7570,135.6100,135.9200,18792
2018,2,12,15,48,135.7200,136.0200,135.7200,136.0200,10544
2018,2,12,15,49,136.0200,136.0000,135.9600,136.0300,1430
2018,2,12,15,50,135.9500,135.8400,135.8400,135.9500,2070
2018,2,12,15,51,135.8200,135.9700,135.8200,136.0100,2916
2018,2,12,15,52,136.1270,136.0100,136.0100,136.1600,4103
2018,2,12,15,53,136.0600,136.2200,136.0600,136.2200,7883
2018,2,12,15,54,136.2600,136.2700,136.2000,136.2700,3051
2018,2,12,15,55,136.2300,136.1500,136.0800,136.2300,3221
2018,2,12,15,56,136.1300,136.1430,136.1000,136.1700,2019
2018,2,12,15,57,136.1100,136.0800,136.0800,136.1100,300
2018,2,12,15,58,136.1000,135.9800,135.9800,136.1000,1600
2018,2,12,15,59,135.9800,135.9300,135.9300,136.0300,2073
2018,2,12,16,0,135.9400,136.0200,135.9200,136.1100,23063
2018,2,13,9,30,135.3400,135.3400,135.3400,135.3400,82075
2018,2,13,9,31,135.2500,135.1600,135.1600,135.3000,4900
2018,2,13,9,32,135.1800,135.4200,135.1800,135.4700,700
2018,2,13,9,33,135.4600,135.5000,135.4500,135.5100,500
2018,2,13,9,34,135.5400,135.5800,135.5400,135.5800,200
2018,2,13,9,35,135.5600,135.4700,135.4700,135.5600,798
2018,2,13,9,36,135.3500,135.1700,135.1700,135.3700,2025
2018,2,13,9,37,135.1500,135.3900,135.1500,135.3900,1814
2018,2,13,9,38,135.3900,135.5400,135.3900,135.5600,2799
2018,2,13,9,39,135.5400,135.5900,135.5400,135.5900,700
2018,2,13,9,40,135.5800,135.5400,135.5400,135.5800,1700
2018,2,13,9,41,135.5700,135.5800,135.5700,135.5800,600
2018,2,13,9,42,135.6700,135.6700,135.6700,135.6700,100
2018,2,13,9,43,135.6100,135.6400,135.6100,135.6400,1093
2018,2,13,9,44,135.5500,135.4700,135.4700,135.5600,2500
2018,2,13,9,45,135.4700,135.5500,135.4200,135.5500,6300
2018,2,13,9,46,135.5200,135.3900,135.3900,135.5200,2861
2018,2,13,9,49,135.4800,135.4800,135.4800,135.4800,100
2018,2,13,9,51,135.2700,135.2700,135.2700,135.2700,100
2018,2,13,9,52,135.3500,135.2600,135.2600,135.3500,1701
2018,2,13,9,53,135.4400,135.3500,135.3500,135.4400,1984
2018,2,13,9,54,135.3000,135.2810,135.2810,135.3000,1500
2018,2,13,9,56,135.4100,135.4100,135.4000,135.4700,2000
2018,2,13,9,58,135.2700,135.1700,135.1700,135.2700,975
2018,2,13,9,59,135.2500,135.2500,135.2500,135.2500,100
2018,2,13,10,0,135.1900,135.1900,135.1900,135.2200,1433
2018,2,13,10,1,135.4600,135.5600,135.4600,135.5600,850
2018,2,13,10,2,135.4900,135.5800,135.4900,135.6200,12800
2018,2,13,10,3,135.4300,135.4300,135.4300,135.4300,100
2018,2,13,10,4,135.4100,135.4000,135.3700,135.4200,1284
2018,2,13,10,5,135.3600,135.4000,135.2500,135.4000,4900
2018,2,13,10,6,135.4200,135.3900,135.3900,135.4200,200
2018,2,13,10,7,135.3800,135.4200,135.3800,135.4200,448
2018,2,13,10,8,135.3900,135.3900,135.3900,135.3900,142
2018,2,13,10,9,135.3200,135.3200,135.3200,135.3200,185
2018,2,13,10,11,135.4500,135.5200,135.4500,135.5200,1333
2018,2,13,10,13,135.4000,135.4200,135.4000,135.4800,779
2018,2,13,10,14,135.4100,135.5300,135.4000,135.5300,1839
2018,2,13,10,15,135.5400,135.5700,135.5400,135.5700,800
2018,2,13,10,16,135.5400,135.5400,135.5400,135.5400,100
2018,2,13,10,17,135.5400,135.5500,135.5000,135.5500,383
2018,2,13,10,18,135.4500,135.4500,135.4500,135.4700,1928
2018,2,13,10,20,135.4700,135.4700,135.4700,135.4700,100
2018,2,13,10,22,135.6900,135.7500,135.6900,135.7500,2900
2018,2,13,10,23,135.7300,135.7300,135.7300,135.7300,600
2018,2,13,10,24,135.7300,135.7100,135.7100,135.7400,1700
2018,2,13,10,26,135.7500,135.7500,135.7500,135.7500,300
2018,2,13,10,27,135.7000,135.7100,135.7000,135.7800,2159
2018,2,13,10,28,135.6800,135.6400,135.6400,135.6800,900
2018,2,13,10,29,135.6800,135.6700,135.6700,135.6800,250
2018,2,13,10,30,135.6300,135.5600,135.5600,135.6300,810
2018,2,13,10,31,135.6000,135.5700,135.5700,135.6000,459
2018,2,13,10,32,135.5200,135.5200,135.5200,135.5200,124
2018,2,13,10,33,135.5100,135.3900,135.3900,135.5100,1500
2018,2,13,10,34,135.4000,135.3500,135.3500,135.4100,998
2018,2,13,10,35,135.3500,135.3500,135.3500,135.3900,1098
2018,2,13,10,36,135.3300,135.5100,135.3300,135.5100,5500
2018,2,13,10,37,135.5200,135.5100,135.5100,135.5200,796
2018,2,13,10,38,135.4900,135.5500,135.4900,135.5700,4611
2018,2,13,10,39,135.4500,135.4500,135.4500,135.4700,1100
2018,2,13,10,40,135.6200,135.6400,135.6200,135.6400,433
2018,2,13,10,41,135.7500,135.7500,135.7500,135.7700,1354
2018,2,13,10,42,135.7200,135.7500,135.7200,135.7500,300
2018,2,13,10,43,135.7100,135.7300,135.7100,135.7300,758
2018,2,13,10,45,135.7200,135.7200,135.7000,135.7200,1190
2018,2,13,10,46,135.6300,135.6100,135.6100,135.6300,1795
2018,2,13,10,47,135.6900,135.7000,135.6900,135.7000,500
2018,2,13,10,49,135.8500,135.8800,135.8300,135.9300,10081
2018,2,13,10,50,135.8900,135.9400,135.8900,135.9600,4202
2018,2,13,10,51,135.9700,135.9000,135.9000,135.9700,700
2018,2,13,10,52,135.8600,135.8900,135.8600,135.8900,550
2018,2,13,10,53,135.8400,135.8400,135.8400,135.8400,500
2018,2,13,10,54,135.8890,135.8700,135.8700,135.8890,205
2018,2,13,10,55,135.9090,135.8800,135.8500,135.9090,400
2018,2,13,10,56,135.9800,135.9900,135.9800,135.9900,527
2018,2,13,10,58,135.8500,135.8600,135.8500,135.8800,2370
2018,2,13,10,59,135.8600,135.9100,135.8600,135.9200,700
2018,2,13,11,0,135.8800,135.8800,135.8800,135.8800,100
2018,2,13,11,1,135.7800,135.7800,135.7800,135.7800,500
2018,2,13,11,2,135.7600,135.7100,135.7100,135.7600,503
2018,2,13,11,4,135.6500,135.6500,135.6500,135.6500,100
2018,2,13,11,5,135.6000,135.6000,135.6000,135.6000,100
2018,2,13,11,6,135.5500,135.4900,135.4800,135.5500,1400
2018,2,13,11,8,135.6000,135.6000,135.6000,135.6000,500
2018,2,13,11,9,135.6200,135.6200,135.6200,135.6200,101
2018,2,13,11,10,135.6800,135.6100,135.6100,135.6800,539
2018,2,13,11,11,135.6000,135.6000,135.6000,135.6000,100
2018,2,13,11,13,135.5900,135.6400,135.5300,135.6400,2784
2018,2,13,11,14,135.6700,135.7100,135.6400,135.7100,3106
2018,2,13,11,15,135.7300,135.7000,135.6700,135.7300,1884
2018,2,13,11,17,135.7300,135.7300,135.7300,135.7300,200
2018,2,13,11,18,135.6300,135.6300,135.6300,135.6300,500
2018,2,13,11,20,135.7500,135.7500,135.7500,135.7500,100
2018,2,13,11,21,135.7890,135.7900,135.7890,135.7900,247
2018,2,13,11,24,135.7200,135.7000,135.7000,135.7200,500
2018,2,13,11,25,135.8100,135.8100,135.8100,135.8100,100
2018,2,13,11,26,135.8500,135.7700,135.7000,135.8700,5886
2018,2,13,11,27,135.7700,135.6100,135.6100,135.7700,3086
2018,2,13,11,28,135.6500,135.6500,135.6500,135.6500,100
2018,2,13,11,29,135.7000,135.7000,135.7000,135.7000,499
2018,2,13,11,30,135.6600,135.5900,135.5900,135.6600,800
2018,2,13,11,31,135.6000,135.6200,135.6000,135.6200,751
2018,2,13,11,32,135.7200,135.7200,135.7200,135.7200,200
2018,2,13,11,33,135.7100,135.6300,135.6300,135.7100,7099
2018,2,13,11,34,135.6200,135.6000,135.6000,135.6300,1313
2018,2,13,11,35,135.6000,135.5500,135.5400,135.6000,2570
2018,2,13,11,37,135.5600,135.5900,135.5600,135.5900,900
2018,2,13,11,38,135.4800,135.5100,135.4800,135.5100,300
2018,2,13,11,39,135.5100,135.5100,135.5100,135.5100,100
2018,2,13,11,40,135.4900,135.5800,135.4900,135.5800,4535
2018,2,13,11,41,135.5700,135.5600,135.5600,135.5700,264
2018,2,13,11,42,135.5900,135.6100,135.5900,135.6100,500
2018,2,13,11,43,135.6200,135.6200,135.6200,135.6200,1100
2018,2,13,11,44,135.5400,135.5400,135.5400,135.5400,200
2018,2,13,11,45,135.6400,135.5800,135.5800,135.6400,500
2018,2,13,11,46,135.6100,135.6400,135.6100,135.6400,800
2018,2,13,11,47,135.6600,135.6600,135.6600,135.6600,100
2018,2,13,11,48,135.8000,135.8000,135.8000,135.8000,100
2018,2,13,11,49,135.7500,135.7500,135.7500,135.7500,200
2018,2,13,11,50,135.7600,135.7900,135.7600,135.8000,1200
2018,2,13,11,51,135.7700,135.7700,135.7700,135.7700,178
2018,2,13,11,52,135.7700,135.8000,135.7700,135.8000,800
2018,2,13,11,53,135.7700,135.7300,135.7300,135.7700,300
2018,2,13,11,54,135.7000,135.7000,135.7000,135.7000,100
2018,2,13,11,57,135.7700,135.8200,135.7700,135.8200,4400
2018,2,13,11,58,135.8300,135.8300,135.8300,135.8300,400
2018,2,13,11,59,135.8200,135.8200,135.8200,135.8200,200
2018,2,13,12,1,135.7600,135.8200,135.7600,135.8200,392
2018,2,13,12,2,135.8500,135.7600,135.7600,135.8500,3884
2018,2,13,12,5,135.7600,135.7700,135.7600,135.7700,2200
2018,2,13,12,6,135.7500,135.7800,135.7500,135.7900,600
2018,2,13,12,7,135.7500,135.7500,135.7500,135.7500,100
2018,2,13,12,8,135.7300,135.6800,135.6800,135.7300,400
2018,2,13,12,9,135.6600,135.6700,135.6600,135.6700,300
2018,2,13,12,10,135.6800,135.7100,135.6800,135.7100,500
2018,2,13,12,13,135.8000,135.8500,135.8000,135.8500,1300
2018,2,13,12,14,135.8400,135.8500,135.8400,135.8500,1300
2018,2,13,12,15,135.8400,135.9200,135.8400,135.9200,1400
2018,2,13,12,20,135.7800,135.8200,135.7800,135.8200,1500
2018,2,13,12,22,135.7500,135.7700,135.7500,135.7800,444
2018,2,13,12,25,135.7800,135.7000,135.7000,135.7800,520
2018,2,13,12,26,135.7100,135.7100,135.7100,135.7100,100
2018,2,13,12,27,135.6800,135.6800,135.6800,135.6800,1500
2018,2,13,12,28,135.6500,135.6500,135.6500,135.6500,100
2018,2,13,12,29,135.7000,135.7300,135.7000,135.7300,666
2018,2,13,12,30,135.6800,135.6700,135.6700,135.6800,600
2018,2,13,12,31,135.7000,135.7000,135.7000,135.7000,100
2018,2,13,12,32,135.6100,135.6100,135.6100,135.6100,100
2018,2,13,12,33,135.6200,135.6200,135.6200,135.6200,600
2018,2,13,12,35,135.6400,135.6000,135.6000,135.6400,1105
2018,2,13,12,37,135.6500,135.6500,135.6500,135.6500,1000
2018,2,13,12,38,135.6200,135.5900,135.5700,135.6200,1037
2018,2,13,12,39,135.5700,135.5100,135.5100,135.5700,1600
2018,2,13,12,40,135.5100,135.5700,135.5100,135.5700,900
2018,2,13,12,42,135.6200,135.6300,135.6200,135.6300,301
2018,2,13,12,43,135.6900,135.6900,135.6900,135.6900,400
2018,2,13,12,44,135.6900,135.6900,135.6900,135.6900,200
2018,2,13,12,45,135.7200,135.7200,135.7200,135.7200,200
2018,2,13,12,46,135.7700,135.7600,135.7600,135.7700,1000
2018,2,13,12,47,135.7100,135.7100,135.7100,135.7100,105
2018,2,13,12,48,135.6900,135.6800,135.6600,135.6900,500
2018,2,13,12,49,135.7300,135.7300,135.7300,135.7300,300
2018,2,13,12,50,135.7300,135.7400,135.7300,135.7400,325
2018,2,13,12,51,135.7900,135.7900,135.7900,135.7900,164
2018,2,13,12,52,135.7500,135.7500,135.7500,135.7500,200
2018,2,13,12,53,135.7990,135.7990,135.7990,135.7990,900
2018,2,13,12,54,135.8000,135.7800,135.7800,135.8000,900
2018,2,13,12,55,135.7950,135.7500,135.7500,135.8000,3700
2018,2,13,12,56,135.6800,135.6800,135.6800,135.6800,100
2018,2,13,12,57,135.6900,135.7000,135.6900,135.7300,3968
2018,2,13,12,58,135.6900,135.7300,135.6900,135.7300,4112
2018,2,13,12,59,135.7300,135.7200,135.7150,135.7350,800
2018,2,13,13,0,135.7150,135.6700,135.6700,135.7150,1550
2018,2,13,13,1,135.6300,135.6300,135.6200,135.6400,1200
2018,2,13,13,2,135.6800,135.6900,135.6800,135.7000,1600
2018,2,13,13,3,135.7000,135.7100,135.7000,135.7100,580
2018,2,13,13,4,135.7100,135.7100,135.7100,135.7100,200
2018,2,13,13,5,135.6400,135.6400,135.6400,135.6400,200
2018,2,13,13,6,135.6200,135.6700,135.6200,135.6700,200
2018,2,13,13,7,135.6900,135.7100,135.6900,135.7100,1445
2018,2,13,13,8,135.7300,135.7300,135.7300,135.7300,200
2018,2,13,13,9,135.6800,135.6800,135.6800,135.6800,101
2018,2,13,13,10,135.7700,135.7700,135.7700,135.7700,300
2018,2,13,13,11,135.7100,135.7100,135.7100,135.7100,200
2018,2,13,13,13,135.7300,135.7300,135.7100,135.7300,500
2018,2,13,13,14,135.7400,135.8600,135.7400,135.8900,7500
2018,2,13,13,15,135.9050,135.9200,135.8900,135.9200,556
2018,2,13,13,16,135.9500,135.9300,135.9300,135.9900,1772
2018,2,13,13,17,135.9900,136.0200,135.9900,136.0200,773
2018,2,13,13,19,136.0100,136.1000,136.0000,136.1000,1045
2018,2,13,13,20,136.1000,136.0700,136.0700,136.1100,1600
2018,2,13,13,21,136.0900,136.2400,136.0900,136.2400,2200
2018,2,13,13,22,136.1900,136.1900,136.1900,136.1900,100
2018,2,13,13,23,136.2100,136.2200,136.2100,136.2200,300
2018,2,13,13,24,136.2000,136.2300,136.1900,136.2300,2900
2018,2,13,13,25,136.2900,136.2900,136.2900,136.2900,200
2018,2,13,13,26,136.3100,136.3100,136.3100,136.3200,700
2018,2,13,13,27,136.2710,136.2590,136.2300,136.2710,32556
2018,2,13,13,28,136.2300,136.2300,136.2300,136.2300,1000
2018,2,13,13,29,136.2300,136.2100,136.2000,136.2300,1800
2018,2,13,13,30,136.2000,136.2200,136.2000,136.2200,400
2018,2,13,13,31,136.1800,136.1900,136.1800,136.1900,300
2018,2,13,13,32,136.2000,136.2100,136.2000,136.2100,300
2018,2,13,13,34,136.1790,136.1500,136.1500,136.1790,200
2018,2,13,13,35,136.1600,136.1600,136.1600,136.1600,200
2018,2,13,13,36,136.2500,136.2100,136.2100,136.2500,1270
2018,2,13,13,37,136.2200,136.2100,136.2000,136.2300,2840
2018,2,13,13,39,136.3000,136.4000,136.3000,136.4000,2540
2018,2,13,13,40,136.4390,136.4400,136.4390,136.4400,987
2018,2,13,13,41,136.4200,136.3200,136.3200,136.4200,1600
2018,2,13,13,42,136.3400,136.4000,136.3400,136.4000,2819
2018,2,13,13,43,136.4000,136.3800,136.3800,136.4000,600
2018,2,13,13,45,136.4000,136.4000,136.4000,136.4000,100
2018,2,13,13,46,136.3900,136.3600,136.3600,136.3900,310
2018,2,13,13,47,136.3700,136.3600,136.3600,136.3700,1400
2018,2,13,13,48,136.3450,136.3400,136.3300,136.3450,802
2018,2,13,13,49,136.3100,136.3200,136.3100,136.3200,700
2018,2,13,13,50,136.3300,136.3300,136.3300,136.3300,200
2018,2,13,13,51,136.3400,136.3600,136.3400,136.3600,300
2018,2,13,13,52,136.3400,136.3600,136.3400,136.3600,494
2018,2,13,13,53,136.3200,136.3000,136.3000,136.3200,306
2018,2,13,13,54,136.3400,136.3990,136.3400,136.3990,693
2018,2,13,13,55,136.4200,136.3700,136.3700,136.4200,400
2018,2,13,13,56,136.2900,136.3200,136.2900,136.3200,504
2018,2,13,13,57,136.2900,136.2900,136.2800,136.2900,1000
2018,2,13,13,58,136.2700,136.2700,136.2700,136.2700,100
2018,2,13,13,59,136.2500,136.2700,136.2500,136.2700,700
2018,2,13,14,0,136.3100,136.3100,136.3100,136.3100,200
2018,2,13,14,1,136.3100,136.2700,136.2700,136.3100,2475
2018,2,13,14,2,136.2800,136.2800,136.2800,136.2800,200
2018,2,13,14,3,136.2600,136.2900,136.2600,136.2900,400
2018,2,13,14,4,136.2900,136.3000,136.2900,136.3000,300
2018,2,13,14,5,136.3190,136.3590,136.3190,136.3590,490
2018,2,13,14,6,136.3000,136.3000,136.3000,136.3000,100
2018,2,13,14,7,136.3300,136.3300,136.3300,136.3600,6900
2018,2,13,14,8,136.3400,136.3300,136.3300,136.3400,200
2018,2,13,14,9,136.3600,136.3600,136.3600,136.3600,100
2018,2,13,14,10,136.4700,136.4700,136.4700,136.4700,200
2018,2,13,14,11,136.4800,136.5900,136.4800,136.5900,5433
2018,2,13,14,12,136.6200,136.6200,136.6200,136.6300,1500
2018,2,13,14,15,136.5300,136.5300,136.5200,136.5300,576
2018,2,13,14,16,136.5500,136.5600,136.5500,136.5600,200
2018,2,13,14,17,136.5500,136.5500,136.5500,136.5500,500
2018,2,13,14,20,136.5000,136.5000,136.5000,136.5000,100
2018,2,13,14,22,136.4400,136.4800,136.4400,136.4800,900
2018,2,13,14,25,136.4400,136.4600,136.4400,136.4600,500
2018,2,13,14,26,136.4500,136.4500,136.4500,136.4500,100
2018,2,13,14,27,136.4700,136.4800,136.4700,136.4800,400
2018,2,13,14,29,136.4100,136.4100,136.4100,136.4100,200
2018,2,13,14,30,136.3800,136.3800,136.3600,136.3800,2500
2018,2,13,14,31,136.2900,136.2900,136.2900,136.2900,1600
2018,2,13,14,32,136.3100,136.3200,136.3100,136.3400,2500
2018,2,13,14,33,136.2700,136.2500,136.2500,136.2700,1500
2018,2,13,14,34,136.2600,136.2600,136.2600,136.2600,200
2018,2,13,14,35,136.2400,136.3000,136.2300,136.3000,1639
2018,2,13,14,36,136.3300,136.3300,136.3300,136.3300,100
2018,2,13,14,37,136.3300,136.3600,136.3300,136.3600,300
2018,2,13,14,38,136.3300,136.3300,136.3300,136.3300,100
2018,2,13,14,39,136.3500,136.3200,136.3200,136.3500,500
2018,2,13,14,40,136.2500,136.2500,136.2210,136.2700,1532
2018,2,13,14,41,136.2300,136.2100,136.2100,136.2300,400
2018,2,13,14,42,136.2000,136.2200,136.2000,136.2200,235
2018,2,13,14,43,136.2700,136.2700,136.2700,136.2700,100
2018,2,13,14,46,136.2590,136.2090,136.2090,136.2590,1200
2018,2,13,14,48,136.2100,136.2200,136.1990,136.2200,982
2018,2,13,14,49,136.2500,136.3100,136.2500,136.3100,400
2018,2,13,14,50,136.2900,136.2900,136.2900,136.2900,100
2018,2,13,14,51,136.3300,136.3200,136.3000,136.3300,820
2018,2,13,14,52,136.3500,136.3900,136.3500,136.3900,600
2018,2,13,14,53,136.4000,136.4100,136.4000,136.4100,300
2018,2,13,14,56,136.4100,136.4300,136.4000,136.4300,1500
2018,2,13,14,57,136.4700,136.4300,136.4300,136.4700,4400
2018,2,13,14,58,136.4900,136.4800,136.4800,136.4900,300
2018,2,13,15,1,136.4700,136.4000,136.4000,136.4700,300
2018,2,13,15,2,136.3900,136.3900,136.3900,136.3900,200
2018,2,13,15,3,136.4200,136.4300,136.4100,136.4300,300
2018,2,13,15,4,136.4700,136.4600,136.4600,136.4900,400
2018,2,13,15,5,136.3600,136.3600,136.3600,136.3600,1200
2018,2,13,15,6,136.2900,136.3300,136.2500,136.3300,600
2018,2,13,15,7,136.3500,136.3500,136.3500,136.3500,100
2018,2,13,15,8,136.3500,136.3500,136.3500,136.3500,100
2018,2,13,15,9,136.3500,136.3800,136.3500,136.3900,900
2018,2,13,15,10,136.4000,136.3800,136.3800,136.4000,900
2018,2,13,15,11,136.3400,136.3100,136.2800,136.3400,400
2018,2,13,15,12,136.2800,136.2900,136.2700,136.2900,1100
2018,2,13,15,13,136.3100,136.3600,136.3000,136.3600,2000
2018,2,13,15,14,136.3700,136.4700,136.3700,136.4700,2554
2018,2,13,15,15,136.4400,136.4900,136.4400,136.4900,1400
2018,2,13,15,17,136.4300,136.4800,136.4300,136.4800,1545
2018,2,13,15,18,136.4890,136.5500,136.4890,136.5500,3022
2018,2,13,15,20,136.5200,136.4900,136.4900,136.5200,700
2018,2,13,15,21,136.5000,136.5000,136.5000,136.5000,100
2018,2,13,15,22,136.4000,136.5100,136.3900,136.5100,2246
2018,2,13,15,23,136.5300,136.4800,136.4800,136.5400,2600
2018,2,13,15,24,136.4500,136.4600,136.4500,136.4600,406
2018,2,13,15,25,136.4400,136.4800,136.4400,136.4800,731
2018,2,13,15,26,136.4700,136.4700,136.4700,136.4700,300
2018,2,13,15,27,136.5000,136.5300,136.5000,136.5500,800
2018,2,13,15,28,136.5700,136.5500,136.5500,136.5700,1400
2018,2,13,15,29,136.5200,136.5000,136.5000,136.5300,600
2018,2,13,15,30,136.5200,136.5500,136.5200,136.5500,845
2018,2,13,15,31,136.5100,136.4900,136.4800,136.5100,800
2018,2,13,15,32,136.4900,136.4600,136.4600,136.4900,800
2018,2,13,15,33,136.4900,136.4900,136.4700,136.4900,800
2018,2,13,15,34,136.4800,136.4900,136.4800,136.4900,1100
2018,2,13,15,35,136.4700,136.5800,136.4700,136.5800,1700
2018,2,13,15,36,136.5700,136.5700,136.5700,136.6000,979
2018,2,13,15,37,136.5700,136.5900,136.5700,136.5900,1570
2018,2,13,15,38,136.6100,136.6400,136.6100,136.6400,767
2018,2,13,15,39,136.6600,136.6900,136.6500,136.6900,700
2018,2,13,15,40,136.6800,136.6700,136.6700,136.6900,3600
2018,2,13,15,41,136.6300,136.6000,136.6000,136.6400,2142
2018,2,13,15,42,136.5700,136.5000,136.5000,136.6200,4900
2018,2,13,15,43,136.4000,136.3500,136.3500,136.4300,1800
2018,2,13,15,44,136.3300,136.3800,136.3300,136.3800,1218
2018,2,13,15,45,136.3200,136.3300,136.3110,136.3300,700
2018,2,13,15,46,136.3400,136.4800,136.3400,136.4800,899
2018,2,13,15,47,136.4600,136.4300,136.4300,136.4600,1601
2018,2,13,15,48,136.4600,136.4600,136.4200,136.4600,1016
2018,2,13,15,49,136.5000,136.4800,136.4800,136.5000,600
2018,2,13,15,50,136.4630,136.4800,136.4600,136.4800,1220
2018,2,13,15,51,136.5200,136.5400,136.5200,136.5500,700
2018,2,13,15,52,136.5400,136.5900,136.5400,136.5900,1100
2018,2,13,15,53,136.5800,136.5100,136.5000,136.5800,700
2018,2,13,15,54,136.5500,136.5300,136.5300,136.5500,1200
2018,2,13,15,55,136.5300,136.5300,136.5300,136.5400,1200
2018,2,13,15,56,136.5100,136.5000,136.5000,136.5100,600
2018,2,13,15,57,136.4600,136.4500,136.4300,136.4700,2586
2018,2,13,15,58,136.4800,136.4900,136.4800,136.5300,2300
2018,2,13,15,59,136.4300,136.4400,136.4200,136.4700,3170
2018,2,13,16,0,136.4200,136.4500,136.3700,136.4500,27219
2018,2,14,9,30,135.6200,135.7400,135.6000,135.7400,75165
2018,2,14,9,31,135.7500,135.7200,135.7200,135.8000,1500
2018,2,14,9,32,135.7200,135.7300,135.6700,135.7500,900
2018,2,14,9,33,135.7400,135.8100,135.7400,135.8100,1000
2018,2,14,9,34,135.8500,136.0000,135.8500,136.0000,1800
2018,2,14,9,35,136.0000,136.0000,136.0000,136.1000,1200
2018,2,14,9,36,135.8800,136.1100,135.8800,136.1100,800
2018,2,14,9,37,136.0200,135.9600,135.9300,136.0200,1100
2018,2,14,9,38,135.9300,135.7500,135.7300,135.9300,7927
2018,2,14,9,39,135.8100,135.7700,135.7700,135.8600,3360
2018,2,14,9,40,135.7700,135.8300,135.7700,135.8500,1100
2018,2,14,9,41,135.8200,135.8000,135.8000,135.8500,1200
2018,2,14,9,42,135.8300,135.9200,135.8300,135.9700,2100
2018,2,14,9,43,135.9300,135.9700,135.9300,136.0000,2700
2018,2,14,9,44,136.0100,135.9800,135.9800,136.0100,798
2018,2,14,9,45,135.9500,135.9400,135.9400,135.9500,300
2018,2,14,9,46,135.9600,135.7500,135.7400,135.9700,5393
2018,2,14,9,47,135.7600,135.8600,135.7600,135.8700,7200
2018,2,14,9,48,135.8600,135.9700,135.8400,135.9700,3373
2018,2,14,9,49,135.9200,136.1400,135.9200,136.1400,1435
2018,2,14,9,50,136.0400,136.0800,136.0400,136.0800,3000
2018,2,14,9,51,136.0800,136.1000,136.0800,136.1100,1190
2018,2,14,9,52,136.0600,136.1800,136.0600,136.1800,2400
2018,2,14,9,53,136.2800,136.3000,136.2800,136.3200,3030
2018,2,14,9,54,136.2800,136.3900,136.2700,136.4400,1865
2018,2,14,9,55,136.3400,136.3200,136.2900,136.3400,5864
2018,2,14,9,56,136.3600,136.4200,136.3600,136.4200,3100
2018,2,14,9,57,136.3800,136.2500,136.2500,136.3800,4476
2018,2,14,9,58,136.3400,136.1000,136.0900,136.3400,5016
2018,2,14,9,59,136.0900,136.1100,136.0900,136.1300,1200
2018,2,14,10,0,136.0500,135.9800,135.9300,136.0500,4770
2018,2,14,10,3,136.0800,136.0500,136.0400,136.1000,2500
2018,2,14,10,4,136.0000,135.9600,135.9600,136.0100,2484
2018,2,14,10,5,136.0200,136.0200,136.0200,136.0200,700
2018,2,14,10,6,136.0300,136.1300,136.0300,136.1300,2160
2018,2,14,10,7,136.1600,136.2000,136.1600,136.2100,1000
2018,2,14,10,8,136.2100,136.2100,136.2100,136.2100,100
2018,2,14,10,9,136.3200,136.3700,136.3200,136.3700,1000
2018,2,14,10,10,136.3600,136.6300,136.3600,136.6300,14339
2018,2,14,10,11,136.6600,136.7900,136.6600,136.8600,8950
2018,2,14,10,12,136.6900,136.7400,136.6800,136.7590,410
2018,2,14,10,13,136.7100,136.6200,136.6200,136.7100,1000
2018,2,14,10,14,136.6700,136.5900,136.5900,136.6700,4000
2018,2,14,10,15,136.6200,136.6200,136.6200,136.6200,200
2018,2,14,10,16,136.6600,136.6800,136.6400,136.6900,5500
2018,2,14,10,17,136.6390,136.6200,136.6200,136.6800,3260
2018,2,14,10,18,136.6500,136.7200,136.6500,136.7200,1500
2018,2,14,10,19,136.7000,136.8000,136.7000,136.8000,900
2018,2,14,10,20,136.8200,136.8500,136.7800,136.8500,1200
2018,2,14,10,21,136.8400,137.0500,136.8400,137.1000,18089
2018,2,14,10,22,137.0400,137.0100,137.0000,137.0400,2477
2018,2,14,10,25,137.0500,137.0600,137.0200,137.0600,2500
2018,2,14,10,26,136.9600,136.8300,136.8300,136.9600,2783
2018,2,14,10,27,136.8400,136.7900,136.7900,136.8400,18452
2018,2,14,10,28,136.7900,136.7900,136.7900,136.7900,500
2018,2,14,10,29,136.9300,136.8600,136.8200,136.9300,2524
2018,2,14,10,33,136.8800,136.8800,136.8700,136.8800,784
2018,2,14,10,34,136.8000,136.7800,136.7800,136.8000,500
2018,2,14,10,36,136.8000,136.7700,136.7700,136.8600,4000
2018,2,14,10,37,136.8200,136.7400,136.7100,136.8200,1715
2018,2,14,10,38,136.9900,137.0600,136.9900,137.0600,1359
2018,2,14,10,39,137.0700,137.1300,137.0700,137.1300,2200
2018,2,14,10,40,137.1600,137.2300,137.1500,137.2300,2409
2018,2,14,10,41,137.2800,137.1800,137.1800,137.2800,1300
2018,2,14,10,42,137.2490,137.2490,137.2490,137.2490,500
2018,2,14,10,44,137.2000,137.1900,137.1900,137.2000,200
2018,2,14,10,46,137.1100,137.1800,137.1100,137.1900,4501
2018,2,14,10,47,137.2200,137.2300,137.2200,137.2390,1943
2018,2,14,10,48,137.1700,137.2800,137.1700,137.2800,2200
2018,2,14,10,49,137.1200,137.0700,137.0700,137.1200,3630
2018,2,14,10,50,137.0500,137.1300,137.0500,137.1300,600
2018,2,14,10,51,137.0100,137.0600,136.9800,137.0600,2394
2018,2,14,10,52,137.0600,137.0800,137.0600,137.0800,1230
2018,2,14,10,53,137.0500,136.9900,136.9900,137.0800,1315
2018,2,14,10,54,137.0600,137.0500,137.0500,137.0600,255
2018,2,14,10,56,136.9500,137.0100,136.9500,137.0100,782
2018,2,14,10,57,137.0700,137.0700,137.0700,137.0700,200
2018,2,14,11,0,137.0000,137.0100,137.0000,137.0100,1100
2018,2,14,11,1,137.0100,137.0700,137.0000,137.0700,900
2018,2,14,11,2,137.1100,137.1100,137.1100,137.1100,100
2018,2,14,11,3,137.0800,137.0800,137.0800,137.0800,400
2018,2,14,11,4,137.0600,136.8900,136.8900,137.0600,1300
2018,2,14,11,5,136.8700,136.8900,136.8700,136.8900,1600
2018,2,14,11,7,136.8100,136.8300,136.8000,136.8300,1000
2018,2,14,11,8,136.9100,136.9400,136.9100,136.9400,500
2018,2,14,11,9,137.0000,136.9200,136.9200,137.0000,1400
2018,2,14,11,10,136.9200,136.8700,136.8600,136.9200,1000
2018,2,14,11,11,136.8700,136.9500,136.8600,136.9500,1100
2018,2,14,11,12,136.9300,136.9300,136.9300,136.9300,200
2018,2,14,11,13,136.9300,136.8400,136.8400,136.9300,2100
2018,2,14,11,14,136.9300,137.0400,136.9100,137.0400,2060
2018,2,14,11,15,137.0800,137.1000,137.0800,137.1000,1300
2018,2,14,11,16,137.1200,137.0800,137.0700,137.1200,1000
2018,2,14,11,17,137.0900,137.1000,137.0700,137.1100,1900
2018,2,14,11,18,137.0400,137.0400,137.0400,137.0500,4526
2018,2,14,11,19,136.9900,137.0500,136.9900,137.0600,4092
2018,2,14,11,20,137.0800,137.1100,137.0800,137.1100,3600
2018,2,14,11,22,137.0100,136.9600,136.9600,137.0100,2839
2018,2,14,11,23,137.1000,137.1000,137.1000,137.1000,300
2018,2,14,11,24,137.1900,137.1900,137.1900,137.1900,200
2018,2,14,11,25,137.1900,137.2200,137.1900,137.2200,4401
2018,2,14,11,26,137.1400,137.1400,137.1400,137.1400,500
2018,2,14,11,27,137.1200,137.1100,137.0900,137.1200,3900
2018,2,14,11,29,137.1990,137.1990,137.1990,137.1990,500
2018,2,14,11,30,137.2400,137.1700,137.1700,137.2500,1694
2018,2,14,11,31,137.2000,137.1400,137.1400,137.2000,4100
2018,2,14,11,32,137.1400,137.1600,137.1400,137.1600,7485
2018,2,14,11,33,137.1400,137.1100,137.1100,137.1400,3194
2018,2,14,11,34,137.1290,137.1490,137.1290,137.1490,1419
2018,2,14,11,35,137.1400,137.1400,137.1300,137.1400,3000
2018,2,14,11,36,137.0800,137.0600,137.0200,137.0800,2746
2018,2,14,11,37,136.9700,136.9600,136.9600,136.9700,1100
2018,2,14,11,39,137.0500,137.1300,137.0500,137.1300,2944
2018,2,14,11,40,137.2100,137.1800,137.1800,137.2300,4201
2018,2,14,11,41,137.2600,137.2200,137.2200,137.2600,600
2018,2,14,11,42,137.2800,137.4000,137.2800,137.4000,7916
2018,2,14,11,45,137.3300,137.3600,137.3000,137.3600,3327
2018,2,14,11,46,137.3300,137.3200,137.3200,137.3400,2500
2018,2,14,11,47,137.2600,137.2400,137.2300,137.2900,6940
2018,2,14,11,48,137.2500,137.1200,137.1100,137.2500,1400
2018,2,14,11,49,137.1200,137.1200,137.1200,137.1200,400
2018,2,14,11,50,137.1100,137.0200,137.0200,137.1100,500
2018,2,14,11,51,137.0200,136.9800,136.9800,137.0400,1500
2018,2,14,11,52,136.9500,137.0200,136.9500,137.0200,2825
2018,2,14,11,53,136.9800,136.9400,136.9400,136.9800,400
2018,2,14,11,54,137.0000,137.0000,137.0000,137.0000,204
2018,2,14,11,56,137.0200,137.0300,137.0200,137.0300,300
2018,2,14,11,57,137.0300,137.0200,137.0200,137.0300,1000
2018,2,14,11,59,137.0600,137.0400,137.0400,137.0600,1600
2018,2,14,12,0,136.9800,136.9900,136.9800,136.9900,300
2018,2,14,12,2,137.1100,137.1300,137.1000,137.1300,500
2018,2,14,12,3,137.1700,137.1800,137.1700,137.1800,2080
2018,2,14,12,4,137.1500,137.1500,137.1500,137.1500,100
2018,2,14,12,5,137.2000,137.2000,137.2000,137.2000,100
2018,2,14,12,7,137.0400,137.0400,137.0400,137.0400,200
2018,2,14,12,8,137.0800,137.0800,137.0800,137.0800,400
2018,2,14,12,9,137.1400,137.1400,137.1400,137.1400,100
2018,2,14,12,10,137.0800,137.0100,137.0100,137.0800,4300
2018,2,14,12,11,137.0400,137.0300,137.0300,137.0400,500
2018,2,14,12,12,137.0300,137.0300,137.0300,137.0300,100
2018,2,14,12,13,137.0390,137.0390,137.0390,137.0390,200
2018,2,14,12,18,137.0600,137.0600,137.0600,137.0600,350
2018,2,14,12,19,137.0000,137.0000,137.0000,137.0000,100
2018,2,14,12,20,137.0000,136.9500,136.9500,137.0000,900
2018,2,14,12,21,136.9000,136.9300,136.9000,136.9300,800
2018,2,14,12,22,136.9900,136.9900,136.9900,136.9900,100
2018,2,14,12,26,137.0700,137.1600,137.0700,137.1600,1000
2018,2,14,12,27,137.1600,137.1600,137.1600,137.1600,100
2018,2,14,12,28,137.1900,137.2400,137.1900,137.2500,2200
2018,2,14,12,29,137.3100,137.3200,137.3100,137.3200,1400
2018,2,14,12,30,137.2900,137.2900,137.2900,137.2900,494
2018,2,14,12,31,137.2600,137.2800,137.2600,137.2800,600
2018,2,14,12,32,137.2800,137.2800,137.2800,137.2800,400
2018,2,14,12,33,137.2600,137.2100,137.2100,137.2600,900
2018,2,14,12,34,137.2500,137.2100,137.2100,137.2500,819
2018,2,14,12,35,137.2000,137.2200,137.2000,137.2200,1334
2018,2,14,12,36,137.2800,137.2800,137.2800,137.2800,100
2018,2,14,12,37,137.3400,137.3400,137.3400,137.3400,500
2018,2,14,12,40,137.3800,137.3700,137.3700,137.4000,2200
2018,2,14,12,43,137.3700,137.3700,137.3700,137.3700,100
2018,2,14,12,44,137.3500,137.3600,137.3500,137.3600,608
2018,2,14,12,47,137.3500,137.3500,137.3500,137.3500,100
2018,2,14,12,48,137.3900,137.3700,137.3700,137.3900,1000
2018,2,14,12,49,137.3400,137.3400,137.3400,137.3400,100
2018,2,14,12,50,137.3100,137.3100,137.3100,137.3100,100
2018,2,14,12,51,137.2100,137.2800,137.1900,137.2800,2840
2018,2,14,12,53,137.4000,137.4000,137.4000,137.4000,100
2018,2,14,12,54,137.3900,137.3900,137.3900,137.3900,100
2018,2,14,12,55,137.4500,137.4900,137.4500,137.5000,2901
2018,2,14,12,57,137.4400,137.4500,137.4400,137.4500,600
2018,2,14,12,58,137.4990,137.5500,137.4990,137.5900,1591
2018,2,14,13,2,137.5500,137.6600,137.5500,137.6600,3800
2018,2,14,13,4,137.7700,137.7700,137.7700,137.7800,815
2018,2,14,13,6,137.7900,137.7900,137.7900,137.7900,3700
2018,2,14,13,7,137.8000,137.7800,137.7800,137.8000,200
2018,2,14,13,8,137.8300,137.7900,137.7900,137.8300,900
2018,2,14,13,9,137.7600,137.7600,137.7500,137.7890,1797
2018,2,14,13,10,137.7390,137.7390,137.7390,137.7390,590
2018,2,14,13,14,137.8500,137.8500,137.8500,137.8500,100
2018,2,14,13,15,137.8900,137.8600,137.8600,137.8900,350
2018,2,14,13,16,137.9000,137.9000,137.9000,137.9000,100
2018,2,14,13,18,137.9300,137.9000,137.9000,137.9300,235
2018,2,14,13,19,137.8200,137.8100,137.8000,137.8200,900
2018,2,14,13,20,137.8200,137.8200,137.8200,137.8200,100
2018,2,14,13,23,137.9400,138.0000,137.9400,138.0000,1960
2018,2,14,13,24,138.0700,138.0800,138.0700,138.0800,500
2018,2,14,13,25,138.0700,138.0100,138.0100,138.0700,1900
2018,2,14,13,26,138.0100,138.0100,138.0100,138.0100,500
2018,2,14,13,29,137.9500,137.9500,137.9500,137.9500,100
2018,2,14,13,30,137.8700,137.8700,137.8700,137.8700,100
2018,2,14,13,32,137.8900,137.9700,137.8900,137.9700,1100
2018,2,14,13,33,137.9500,137.8800,137.8800,137.9500,1266
2018,2,14,13,34,138.0000,137.9300,137.9300,138.0000,200
2018,2,14,13,37,137.9800,137.9000,137.9000,137.9800,2433
2018,2,14,13,41,138.0100,138.0100,138.0100,138.0100,100
2018,2,14,13,42,137.9500,138.0200,137.9500,138.0200,2500
2018,2,14,13,43,138.0400,138.0400,138.0300,138.0400,800
2018,2,14,13,44,138.0500,138.0490,138.0400,138.0500,1140
2018,2,14,13,45,138.1000,138.1000,138.1000,138.1200,2450
2018,2,14,13,46,138.1200,138.0600,138.0600,138.1200,1700
2018,2,14,13,47,138.1500,138.0000,137.9700,138.1500,1700
2018,2,14,13,49,138.0500,138.0500,138.0500,138.0500,200
2018,2,14,13,51,138.0700,138.0700,138.0700,138.0700,100
2018,2,14,13,53,138.0000,138.0000,138.0000,138.0000,1125
2018,2,14,13,54,137.9900,138.0000,137.9900,138.0000,700
2018,2,14,13,55,138.0700,138.1100,138.0700,138.1100,600
2018,2,14,13,58,138.0500,138.0500,138.0500,138.0500,100
2018,2,14,13,59,138.1100,138.0900,138.0900,138.1100,200
2018,2,14,14,1,138.1100,138.1250,138.1000,138.1250,700
2018,2,14,14,2,138.1550,138.1400,138.1400,138.1550,200
2018,2,14,14,3,138.1700,138.2100,138.1700,138.2300,700
2018,2,14,14,4,138.2400,138.1690,138.1400,138.2400,400
2018,2,14,14,5,138.1400,138.1400,138.1400,138.1400,144
2018,2,14,14,6,138.1000,138.1600,138.1000,138.1600,2279
2018,2,14,14,8,138.1700,138.1500,138.1400,138.1700,800
2018,2,14,14,9,138.1300,138.1300,138.1300,138.1300,200
2018,2,14,14,11,138.1700,138.1700,138.1700,138.1700,100
2018,2,14,14,13,138.1800,138.1800,138.1800,138.1800,600
2018,2,14,14,16,138.1700,138.1700,138.1700,138.1700,100
2018,2,14,14,17,138.1300,138.1000,138.1000,138.1300,700
2018,2,14,14,20,138.1500,138.1600,138.1500,138.1600,1031
2018,2,14,14,21,138.1900,138.1900,138.1900,138.1900,100
2018,2,14,14,23,138.1690,138.1690,138.1690,138.1690,360
2018,2,14,14,24,138.1900,138.1900,138.1900,138.1900,100
2018,2,14,14,25,138.0900,138.0200,138.0200,138.0900,5002
2018,2,14,14,26,137.9600,137.9600,137.9600,137.9600,112
2018,2,14,14,27,138.0300,137.9500,137.9500,138.0300,1186
2018,2,14,14,28,137.9600,137.9700,137.9600,137.9700,600
2018,2,14,14,30,137.8500,137.8400,137.8400,137.8800,1800
2018,2,14,14,31,137.8600,137.8600,137.8600,137.8600,100
2018,2,14,14,34,137.9700,137.9610,137.9610,137.9700,500
2018,2,14,14,35,137.9300,137.9200,137.8900,137.9300,400
2018,2,14,14,37,137.9790,138.0100,137.9790,138.0100,302
2018,2,14,14,40,138.0900,138.1100,138.0900,138.1100,500
2018,2,14,14,42,138.1500,138.1500,138.1500,138.1500,100
2018,2,14,14,43,138.1100,138.1100,138.1100,138.1100,200
2018,2,14,14,44,138.1500,138.1400,138.1400,138.1500,200
2018,2,14,14,45,138.1100,138.1100,138.1100,138.1100,200
2018,2,14,14,46,138.1000,138.0400,138.0400,138.1000,381
2018,2,14,14,48,138.0500,138.0300,138.0300,138.0500,400
2018,2,14,14,49,138.0900,138.0600,138.0600,138.0900,600
2018,2,14,14,50,138.0800,138.0400,138.0400,138.0800,1000
2018,2,14,14,52,138.0900,138.0900,138.0900,138.0900,670
2018,2,14,14,53,138.1500,138.1600,138.1500,138.1600,375
2018,2,14,14,54,138.0900,138.0900,138.0900,138.0900,100
2018,2,14,14,55,138.1500,138.1500,138.1500,138.1500,100
2018,2,14,14,57,138.1500,138.1500,138.1500,138.1500,400
2018,2,14,14,58,138.1500,138.2000,138.1500,138.2000,245
2018,2,14,15,1,138.2300,138.3200,138.2200,138.3200,2005
2018,2,14,15,2,138.3100,138.3100,138.3100,138.3100,100
2018,2,14,15,3,138.3300,138.3300,138.3300,138.3300,100
2018,2,14,15,4,138.3400,138.3400,138.3400,138.3400,500
2018,2,14,15,6,138.3800,138.3800,138.3800,138.3800,100
2018,2,14,15,7,138.4200,138.3900,138.3900,138.4200,400
2018,2,14,15,9,138.4400,138.4500,138.4400,138.4500,1171
2018,2,14,15,10,138.3200,138.3200,138.3200,138.3200,300
2018,2,14,15,11,138.3400,138.3400,138.3100,138.3400,700
2018,2,14,15,12,138.3200,138.3300,138.3200,138.3300,1650
2018,2,14,15,13,138.3500,138.3500,138.3500,138.3500,500
2018,2,14,15,14,138.3500,138.3500,138.3500,138.3500,944
2018,2,14,15,15,138.4000,138.4000,138.4000,138.4000,100
2018,2,14,15,16,138.4500,138.4400,138.4300,138.4500,1300
2018,2,14,15,17,138.4500,138.4500,138.4500,138.4500,100
2018,2,14,15,18,138.4000,138.3800,138.3800,138.4000,356
2018,2,14,15,20,138.4800,138.5400,138.4800,138.5400,1763
2018,2,14,15,21,138.4900,138.4800,138.4800,138.5200,8700
2018,2,14,15,22,138.4200,138.4200,138.4200,138.4200,400
2018,2,14,15,23,138.4400,138.4400,138.4400,138.4400,100
2018,2,14,15,24,138.3700,138.3500,138.3500,138.3700,2560
2018,2,14,15,25,138.2900,138.2900,138.2900,138.2900,700
2018,2,14,15,26,138.2400,138.3200,138.2400,138.3300,2500
2018,2,14,15,30,138.3300,138.3000,138.3000,138.3300,200
2018,2,14,15,31,138.2900,138.2800,138.2800,138.2900,500
2018,2,14,15,32,138.3400,138.2900,138.2900,138.3400,800
2018,2,14,15,33,138.3300,138.3400,138.3200,138.3600,7560
2018,2,14,15,34,138.3400,138.3100,138.2800,138.3400,1800
2018,2,14,15,35,138.3400,138.2600,138.2600,138.3400,200
2018,2,14,15,36,138.2300,138.2400,138.2300,138.2400,200
2018,2,14,15,37,138.2410,138.3000,138.2410,138.3000,300
2018,2,14,15,39,138.2900,138.3000,138.2900,138.3000,400
2018,2,14,15,40,138.3200,138.3200,138.3200,138.3200,100
2018,2,14,15,41,138.3300,138.3300,138.3300,138.3300,100
2018,2,14,15,44,138.3200,138.2900,138.2900,138.3200,370
2018,2,14,15,45,138.2300,138.1600,138.1600,138.2300,200
2018,2,14,15,46,138.1700,138.3500,138.1700,138.3500,2000
2018,2,14,15,47,138.3600,138.4100,138.3600,138.4200,700
2018,2,14,15,48,138.4000,138.4600,138.4000,138.4600,1300
2018,2,14,15,49,138.4390,138.3900,138.3900,138.4390,3600
2018,2,14,15,50,138.4200,138.4100,138.4100,138.4500,1400
2018,2,14,15,51,138.4700,138.4590,138.4590,138.5100,3100
2018,2,14,15,52,138.4790,138.5100,138.4690,138.5100,1735
2018,2,14,15,54,138.5000,138.4500,138.4500,138.5300,4100
2018,2,14,15,55,138.4600,138.4400,138.4150,138.4600,1175
2018,2,14,15,56,138.4100,138.4000,138.4000,138.4200,6717
2018,2,14,15,57,138.3900,138.4100,138.3800,138.4100,1500
2018,2,14,15,59,138.3700,138.3500,138.3500,138.3900,909
2018,2,14,16,0,138.3500,138.3600,138.3400,138.4300,27749
2018,2,15,9,30,139.3300,139.3300,139.3300,139.3300,110394
2018,2,15,9,31,139.4900,139.2900,139.2900,139.4900,5242
2018,2,15,9,32,139.2900,139.2000,139.2000,139.2900,5972
2018,2,15,9,33,139.1500,139.0600,139.0600,139.1500,1145
2018,2,15,9,34,139.1000,139.1000,139.1000,139.1000,300
2018,2,15,9,35,139.0500,139.0000,139.0000,139.0500,3965
2018,2,15,9,36,139.0190,138.9700,138.9700,139.0190,473
2018,2,15,9,38,139.0400,139.0400,139.0400,139.0400,300
2018,2,15,9,39,139.0600,139.1700,139.0600,139.1700,900
2018,2,15,9,40,139.2000,139.2800,139.2000,139.2800,925
2018,2,15,9,41,139.2900,139.2600,139.2600,139.2900,400
2018,2,15,9,42,139.2000,139.2200,139.2000,139.2200,300
2018,2,15,9,43,139.1900,139.0700,139.0700,139.1900,450
2018,2,15,9,44,139.1090,139.0800,139.0800,139.1090,1300
2018,2,15,9,45,139.1000,139.1000,139.0900,139.1000,600
2018,2,15,9,46,139.0600,139.0600,139.0600,139.0600,100
2018,2,15,9,47,139.1100,139.0100,139.0000,139.1100,3070
2018,2,15,9,49,139.1400,139.1400,139.1400,139.1400,405
2018,2,15,9,51,139.1510,139.1000,139.1000,139.1510,1067
2018,2,15,9,52,139.1290,139.1390,139.1290,139.1390,1154
2018,2,15,9,53,139.1100,139.2000,139.1100,139.2000,1600
2018,2,15,9,54,139.2000,139.2100,139.1800,139.2100,747
2018,2,15,9,55,139.1600,139.1700,139.1600,139.1700,1000
2018,2,15,9,56,139.2100,139.2500,139.2100,139.2500,900
2018,2,15,9,57,139.2800,139.1800,139.1700,139.2900,2400
2018,2,15,9,58,139.2500,139.2500,139.2500,139.2500,200
2018,2,15,9,59,139.2400,139.2400,139.2400,139.2400,600
2018,2,15,10,0,139.2700,139.2700,139.2700,139.2700,700
2018,2,15,10,1,139.2400,139.2300,139.2300,139.2400,900
2018,2,15,10,2,139.2100,139.2500,139.2100,139.2800,1825
2018,2,15,10,3,139.3200,139.2800,139.2800,139.3200,2300
2018,2,15,10,4,139.2900,139.2500,139.2500,139.2900,1150
2018,2,15,10,5,139.2500,139.2700,139.2500,139.3000,1935
2018,2,15,10,6,139.2300,139.2100,139.2100,139.2300,1250
2018,2,15,10,7,139.2100,139.2100,139.2100,139.2100,168
2018,2,15,10,8,139.2200,139.0600,139.0600,139.2200,2400
2018,2,15,10,9,139.1400,139.1500,139.1400,139.1500,500
2018,2,15,10,10,139.0300,139.0000,139.0000,139.0300,1986
2018,2,15,10,11,139.0300,138.9000,138.9000,139.0300,5010
2018,2,15,10,12,138.8800,138.9100,138.8800,138.9100,1832
2018,2,15,10,13,138.9600,138.9600,138.9600,138.9600,100
2018,2,15,10,14,138.9400,138.9400,138.9300,138.9600,2100
2018,2,15,10,15,138.9800,138.9300,138.9300,138.9800,300
2018,2,15,10,16,138.9400,138.9800,138.9300,138.9800,863
2018,2,15,10,17,138.9600,138.8200,138.8200,138.9600,1500
2018,2,15,10,19,138.8600,138.8400,138.8000,138.8600,1100
2018,2,15,10,20,138.8100,138.8700,138.7900,138.8800,1301
2018,2,15,10,21,138.8800,138.9500,138.8800,138.9500,2038
2018,2,15,10,22,139.0600,139.0600,139.0600,139.0600,500
2018,2,15,10,23,139.0100,139.0000,139.0000,139.0100,300
2018,2,15,10,24,139.0000,138.9900,138.9900,139.0000,983
2018,2,15,10,25,138.9500,138.9900,138.9500,139.0000,458
2018,2,15,10,26,138.9400,138.9400,138.9400,138.9400,300
2018,2,15,10,27,138.9800,139.0200,138.9800,139.0200,560
2018,2,15,10,28,139.0600,139.0500,139.0500,139.1000,2200
2018,2,15,10,29,139.0300,139.0300,139.0300,139.0300,100
2018,2,15,10,30,139.0390,139.0390,139.0390,139.0390,250
2018,2,15,10,31,139.0200,139.0400,139.0200,139.0600,561
2018,2,15,10,32,139.0290,139.0290,139.0290,139.0290,1000
2018,2,15,10,33,138.9900,138.9800,138.9800,139.0000,500
2018,2,15,10,34,138.9700,138.9800,138.9700,138.9800,300
2018,2,15,10,35,138.9600,138.8800,138.8800,138.9990,1217
2018,2,15,10,36,138.9600,138.9300,138.9300,138.9600,693
2018,2,15,10,37,138.9300,138.9200,138.9000,138.9300,3465
2018,2,15,10,38,138.9300,138.9200,138.9200,138.9700,1657
2018,2,15,10,40,138.8500,138.8500,138.8500,138.8500,200
2018,2,15,10,41,138.8890,138.8890,138.8890,138.8890,280
2018,2,15,10,42,138.8300,138.6790,138.6600,138.8300,6047
2018,2,15,10,43,138.6500,138.6500,138.6400,138.6700,3622
2018,2,15,10,44,138.6300,138.5700,138.5700,138.6300,700
2018,2,15,10,45,138.5500,138.4700,138.4700,138.5500,4508
2018,2,15,10,46,138.5700,138.5700,138.5700,138.5700,100
2018,2,15,10,47,138.5500,138.5500,138.5500,138.5600,600
2018,2,15,10,48,138.5600,138.5600,138.5600,138.5600,1000
2018,2,15,10,49,138.6300,138.6300,138.6100,138.6300,1200
2018,2,15,10,50,138.5700,138.5200,138.5010,138.5800,700
2018,2,15,10,51,138.5500,138.6290,138.5500,138.6290,726
2018,2,15,10,52,138.6100,138.6100,138.5600,138.6100,1975
2018,2,15,10,54,138.6100,138.6100,138.6100,138.6100,900
2018,2,15,10,55,138.5900,138.5900,138.5900,138.5900,100
2018,2,15,10,56,138.4500,138.3600,138.3600,138.4500,2116
2018,2,15,10,57,138.4100,138.4600,138.4100,138.4600,1100
2018,2,15,10,58,138.5290,138.4390,138.4390,138.5290,1202
2018,2,15,10,59,138.4000,138.4000,138.4000,138.4000,100
2018,2,15,11,0,138.2500,138.1100,138.1100,138.2500,1592
2018,2,15,11,1,138.1200,138.1200,138.0400,138.1200,4550
2018,2,15,11,2,138.1600,138.2100,138.1600,138.2100,309
2018,2,15,11,3,138.1000,138.0600,138.0600,138.1200,1511
2018,2,15,11,4,138.0700,137.9600,137.9600,138.0700,2463
2018,2,15,11,5,138.0500,137.9500,137.9500,138.0600,2600
2018,2,15,11,6,138.0900,138.0900,138.0900,138.0900,700
2018,2,15,11,7,138.2200,138.3190,138.2200,138.3190,2636
2018,2,15,11,8,138.3200,138.3200,138.3200,138.3200,200
2018,2,15,11,9,138.3300,138.2600,138.2600,138.3300,1111
2018,2,15,11,10,138.3500,138.3300,138.3300,138.3500,2000
2018,2,15,11,11,138.4000,138.3900,138.3900,138.4000,900
2018,2,15,11,12,138.3800,138.3800,138.3200,138.3800,756
2018,2,15,11,15,138.5800,138.6000,138.5800,138.6000,500
2018,2,15,11,16,138.6000,138.5200,138.5200,138.6000,900
2018,2,15,11,17,138.5100,138.4200,138.4200,138.5100,1400
2018,2,15,11,18,138.5200,138.4400,138.4100,138.5200,2779
2018,2,15,11,19,138.4400,138.4300,138.4300,138.4400,600
2018,2,15,11,20,138.5000,138.4100,138.4100,138.5000,2280
2018,2,15,11,22,138.5900,138.6290,138.5900,138.6400,1600
2018,2,15,11,25,138.6000,138.5700,138.5700,138.6000,326
2018,2,15,11,26,138.5900,138.5500,138.5500,138.5900,200
2018,2,15,11,27,138.6000,138.6000,138.5700,138.6100,2221
2018,2,15,11,28,138.5500,138.5690,138.5500,138.5700,300
2018,2,15,11,29,138.6300,138.6400,138.6300,138.6500,700
2018,2,15,11,30,138.7500,138.7900,138.7400,138.7900,2884
2018,2,15,11,31,138.8000,138.8100,138.8000,138.8100,600
2018,2,15,11,32,138.7000,138.7000,138.7000,138.7000,100
2018,2,15,11,33,138.7400,138.7400,138.7400,138.7700,1000
2018,2,15,11,34,138.7100,138.6900,138.6900,138.7100,300
2018,2,15,11,35,138.6600,138.6600,138.6600,138.6600,400
2018,2,15,11,38,138.6890,138.6890,138.6890,138.6890,450
2018,2,15,11,39,138.6900,138.7300,138.6900,138.7300,200
2018,2,15,11,40,138.7500,138.7400,138.7400,138.7500,900
2018,2,15,11,43,138.8400,138.8200,138.8200,138.8400,1000
2018,2,15,11,45,138.8300,138.8300,138.8300,138.8300,100
2018,2,15,11,46,138.8700,138.8100,138.8100,138.8700,3600
2018,2,15,11,47,138.7800,138.7700,138.7700,138.7800,600
2018,2,15,11,48,138.7900,138.7900,138.7900,138.7900,200
2018,2,15,11,49,138.8400,138.8000,138.8000,138.8400,1970
2018,2,15,11,50,138.7890,138.8200,138.7890,138.8200,600
2018,2,15,11,51,138.9000,138.8800,138.8800,138.9000,300
2018,2,15,11,52,139.0000,139.0100,139.0000,139.0100,300
2018,2,15,11,53,138.9600,138.9500,138.9500,138.9600,300
2018,2,15,11,54,138.9600,138.9200,138.9200,138.9600,1050
2018,2,15,11,56,138.8400,138.8300,138.8300,138.8400,200
2018,2,15,11,57,138.8490,138.8490,138.8490,138.8490,150
2018,2,15,11,58,138.8800,138.8800,138.8800,138.8800,116
2018,2,15,11,59,138.9100,138.9100,138.9100,138.9100,200
2018,2,15,12,0,138.9500,138.9400,138.9400,138.9600,400
2018,2,15,12,1,138.9000,138.9000,138.9000,138.9000,500
2018,2,15,12,3,139.0300,139.0300,139.0300,139.0300,300
2018,2,15,12,4,138.9200,138.9100,138.9100,138.9200,300
2018,2,15,12,5,138.8600,138.8600,138.8600,138.8600,100
2018,2,15,12,6,138.8600,138.8600,138.8600,138.8600,200
2018,2,15,12,7,138.7400,138.8200,138.7400,138.8200,4270
2018,2,15,12,8,138.8300,138.8300,138.8200,138.8400,2000
2018,2,15,12,9,138.8400,138.8500,138.8400,138.8500,200
2018,2,15,12,10,138.9000,138.9000,138.9000,138.9000,110
2018,2,15,12,11,138.9400,138.9400,138.9400,138.9400,100
2018,2,15,12,12,138.9600,138.9600,138.9600,138.9600,300
2018,2,15,12,13,138.9200,138.9290,138.9200,138.9290,200
